date, pm25, pm10, o3, no2, so2, co
2024/11/1, 15, 46, 51, 11, 3, 7
2024/11/2, 103, 61, 65, 16, 3, 7
2024/11/3, 142, 58, 64, 15, 3, 7
2024/11/4, 139, 26, 34, 10, 3, 4
2024/11/5, 44, 26, 35, 14, 3, 4
2024/11/6, 46, 26, 28, 16, 3, 3
2024/11/7, 40, 27, 34, 16, 3, 4
2024/11/8, 41, 30, 33, 11, 3, 4
2024/11/9, 44, 35, 36, 11, 3, 6
2024/11/10, 70, 41, 42, 16, 3, 6
2024/11/11, 106, 39, 40, 19, 3, 5
2024/11/12, 89, 43, 45, 18, 3, 5
2024/11/13, 112, 35, 29, 16, 3, 5
2024/11/14, 79, 37, 13, 17, 3, 6
2024/11/15, 97, 37, 33, 13, 2, 6
2024/11/16, 102, 21, 28, 9, 3, 5
2024/11/17, 48, 20, 29, 6, , 
2024/11/18, 24, , , , , 
2024/10/1, 31, 29, 43, 7, 2, 3
2024/10/2, 38, 22, 42, 8, 2, 3
2024/10/3, 33, 21, 44, 9, 2, 3
2024/10/4, 38, 18, 38, 7, 2, 3
2024/10/5, 24, 27, 29, 9, , 4
2024/10/6, 45, 11, 38, 7, 2, 4
2024/10/7, 27, 33, 46, 10, 2, 6
2024/10/8, 91, 33, 54, 14, 2, 5
2024/10/9, 77, 57, 90, 21, 3, 8
2024/10/10, 145, 60, 80, 24, 2, 7
2024/10/11, 138, 50, 60, 15, 2, 5
2024/10/12, 115, 20, 49, 11, 2, 4
2024/10/13, 44, 38, 41, 15, 3, 6
2024/10/14, 67, 52, 25, 20, 2, 8
2024/10/15, 117, 30, 29, 15, 2, 5
2024/10/16, 85, 29, 38, 12, 2, 5
2024/10/17, 65, 37, 62, 11, 2, 5
2024/10/18, 78, 22, 30, 8, 2, 4
2024/10/19, 48, 35, 25, 11, 2, 4
2024/10/20, 44, 28, 15, 15, 2, 7
2024/10/21, 66, 39, 24, 14, 2, 9
2024/10/22, 105, 34, 33, 11, 2, 5
2024/10/23, 97, 23, 39, 13, 2, 4
2024/10/24, 57, 35, 39, 10, 2, 4
2024/10/25, 50, 13, 24, 9, 2, 4
2024/10/26, 25, 13, 33, 11, 3, 4
2024/10/27, 32, 50, 38, 12, 3, 6
2024/10/28, 126, 19, 38, 15, 3, 4
2024/10/29, 55, 33, 37, 14, 2, 4
2024/10/30, 63, 23, 28, 13, 2, 4
2024/10/31, 51, 8, 38, 5, , 4
2024/7/1, 84, 17, 43, 6, 2, 4
2024/7/2, 58, 26, 84, 8, 2, 5
2024/7/3, 72, 34, 68, 11, 3, 4
2024/7/4, 81, 44, 3, 19, 3, 5
2024/7/5, 89, 38, 95, 8, 2, 5
2024/7/6, 84, 38, 79, 8, 2, 5
2024/7/7, 84, 36, 78, 9, 2, 4
2024/7/8, 78, 37, 75, 9, 3, 5
2024/7/9, 50, 37, 41, 10, 2, 5
2024/7/10, 52, 27, 39, 11, 2, 6
2024/7/11, 60, 27, 24, 14, 3, 6
2024/7/12, 81, 35, 32, 12, 2, 6
2024/7/13, 100, 47, 40, 8, , 6
2024/7/14, 123, 32, 66, 12, 2, 5
2024/7/15, 89, 19, 44, 7, 3, 4
2024/7/16, 56, 29, 75, 6, 2, 4
2024/7/17, 55, 34, 53, 10, 3, 5
2024/7/18, 75, 34, 63, 11, 2, 5
2024/7/19, 83, 28, 82, 8, 3, 5
2024/7/20, 68, 29, 83, 7, 2, 5
2024/7/21, 53, 23, 62, 6, 3, 4
2024/7/22, 51, 15, 48, 4, 3, 4
2024/7/23, 39, 21, 22, 4, 2, 4
2024/7/24, 29, 23, 20, 4, , 4
2024/7/25, 33, 26, 21, 3, 2, 4
2024/7/26, 43, 22, 28, 2, 2, 5
2024/7/27, 43, 18, 33, 3, 2, 4
2024/7/28, 38, 17, 45, 4, , 4
2024/7/29, 34, 16, 44, 4, 2, 5
2024/7/30, 34, 26, 74, 5, 2, 4
2024/7/31, 61, 29, 68, 7, 2, 4
2024/8/1, 67, 35, 136, 8, 2, 5
2024/8/2, 82, 38, 88, 8, 2, 5
2024/8/3, 84, 29, 76, 7, 3, 4
2024/8/4, 63, 30, 84, 7, 2, 5
2024/8/5, 70, 28, 63, 6, 2, 4
2024/8/6, 62, 29, 46, 5, 3, 4
2024/8/7, 78, 35, 85, 10, 2, 5
2024/8/8, 73, 28, 88, 8, 2, 5
2024/8/9, 66, 32, 97, 7, 2, 5
2024/8/10, 75, 40, 93, 7, 2, 6
2024/8/11, 83, 37, 76, 10, 2, 6
2024/8/12, 78, 31, 56, 8, 2, 6
2024/8/13, 69, 19, 53, 7, 2, 5
2024/8/14, 48, 22, 48, 7, 2, 5
2024/8/15, 50, 30, 38, 10, 2, 6
2024/8/16, 74, 22, 39, 8, 2, 5
2024/8/17, 62, 14, 33, 5, 2, 4
2024/8/18, 40, 16, 32, 5, 2, 4
2024/8/19, 37, 20, 66, 6, 2, 5
2024/8/20, 47, 15, 44, 6, 2, 5
2024/8/21, 38, 31, 89, 8, 2, 6
2024/8/22, 77, 26, 101, 9, 2, 6
2024/8/23, 66, 28, 68, 6, 2, 5
2024/8/24, 64, 24, 68, 7, 3, 5
2024/8/25, 60, 21, 68, 6, , 5
2024/8/26, 52, 38, 73, 9, 2, 7
2024/8/27, 75, 30, 49, 8, 2, 6
2024/8/28, 80, 15, 44, 6, 2, 5
2024/8/29, 43, 23, 67, 7, 3, 6
2024/8/30, 55, 27, 68, 9, 3, 6
2024/8/31, 58, 33, 92, 10, 3, 6
2024/9/1, 70, 31, 93, 8, 3, 7
2024/9/2, 71, 28, 30, 9, 3, 6
2024/9/3, 60, 21, 49, 6, 3, 5
2024/9/4, 53, 22, 50, 7, 3, 4
2024/9/5, 52, 44, 38, 7, 3, 2
2024/9/6, 78, 35, 41, 7, 3, 3
2024/9/7, 90, 26, 34, 6, 3, 3
2024/9/8, 65, 19, 29, 5, 3, 3
2024/9/9, 44, 29, 31, 8, 3, 4
2024/9/10, 67, 11, 17, 6, 2, 2
2024/9/11, 25, 21, 55, 5, 2, 3
2024/9/12, 52, 15, 33, 6, 2, 3
2024/9/13, 28, 19, 25, 9, 3, 2
2024/9/14, 39, 23, 29, 5, 3, 3
2024/9/15, 41, 15, 19, 2, 2, 3
2024/9/16, 24, 10, 25, 3, 1, 2
2024/9/17, 26, 19, 23, 5, 1, 3
2024/9/18, 32, 16, 12, 5, 1, 3
2024/9/19, 32, 10, 24, 8, 1, 4
2024/9/20, 32, 20, 30, 6, 2, 4
2024/9/21, 34, 27, 40, 7, 2, 4
2024/9/22, 36, 26, 47, 10, 2, 5
2024/9/23, 40, 30, 30, 11, 2, 5
2024/9/24, 57, 36, 20, 15, 2, 8
2024/9/25, 100, 17, 30, 18, 2, 4
2024/9/26, 55, 24, 52, 11, 2, 4
2024/9/27, 47, 33, 61, 11, 2, 5
2024/9/28, 66, 32, 39, 8, 2, 4
2024/9/29, 54, 31, 32, 8, 2, 4
2024/9/30, 61, 19, 31, 7, 2, 4
2024/4/1, 117, 28, 35, 16, 2, 6
2024/4/2, 68, 23, 30, 11, 2, 6
2024/4/3, 67, 44, 46, 14, 4, 7
2024/4/4, 92, 51, 56, 12, 3, 6
2024/4/5, 86, 37, 37, 12, 2, 5
2024/4/6, 84, 40, 37, 18, 3, 5
2024/4/7, 92, 25, 34, 17, 2, 6
2024/4/8, 71, 51, 63, 25, 3, 8
2024/4/9, 128, 55, 56, 16, 3, 4
2024/4/10, 110, 45, 48, 14, 3, 4
2024/4/11, 78, 37, 20, 20, 2, 4
2024/4/12, 77, 22, 30, 13, 2, 4
2024/4/13, 68, 18, 39, 12, 2, 4
2024/4/14, 56, 52, 73, 13, 2, 6
2024/4/15, 130, 47, 57, 18, 3, 6
2024/4/16, 124, 18, 33, 15, 2, 5
2024/4/17, 51, 63, 39, 19, 3, 5
2024/4/18, 98, 111, 40, 16, 3, 4
2024/4/19, 105, 50, 60, 11, 2, 6
2024/4/20, 84, 35, 47, 11, 3, 5
2024/4/21, 83, 31, 36, 13, 2, 6
2024/4/22, 80, 31, 55, 13, 2, 6
2024/4/23, 87, 38, 59, 14, 3, 5
2024/4/24, 85, 33, 41, 17, 3, 5
2024/4/25, 49, 40, 45, 11, 2, 4
2024/4/26, 61, 32, 36, 11, 3, 4
2024/4/27, 72, 25, 31, 11, 2, 4
2024/4/28, 62, 37, 42, 13, 2, 6
2024/4/29, 96, 33, 40, 15, 2, 5
2024/4/30, 81, 33, 52, 11, 3, 5
2024/5/1, 85, 37, 47, 13, 3, 5
2024/5/2, 69, 33, 58, 10, 3, 4
2024/5/3, 61, 31, 40, 10, 3, 5
2024/5/4, 76, 25, 37, 9, 3, 8
2024/5/5, 69, 37, 72, 10, 3, 8
2024/5/6, 95, 58, 89, 16, 3, 8
2024/5/7, 130, 40, 59, 15, 3, 7
2024/5/8, 100, 21, 49, 12, 3, 4
2024/5/9, 45, 28, 64, 10, 3, 4
2024/5/10, 51, 49, 37, 12, 3, 5
2024/5/11, 98, 57, 44, 12, 3, 5
2024/5/12, 91, 62, 67, 19, 3, 5
2024/5/13, 80, 38, 96, 15, 3, 4
2024/5/14, 61, 52, 63, 13, 3, 4
2024/5/15, 72, 37, 71, 16, 3, 4
2024/5/16, 54, 33, 88, 11, 3, 4
2024/5/17, 59, 32, 62, 8, 3, 4
2024/5/18, 51, 29, 42, 7, 3, 4
2024/5/19, 56, 26, 43, 7, 3, 4
2024/5/20, 55, 25, 39, 9, 3, 4
2024/5/21, 58, 37, 52, 11, 3, 4
2024/5/22, 74, 23, 50, 7, 3, 3
2024/5/23, 58, 25, 55, 8, 3, 3
2024/5/24, 61, 19, 39, 6, , 3
2024/5/25, 50, 28, 61, 7, 3, 4
2024/5/26, 74, 24, 42, 7, 3, 5
2024/5/27, 56, 19, 57, 10, 3, 4
2024/5/28, 50, 30, 54, 13, 3, 4
2024/5/29, 66, 37, 75, 8, 3, 4
2024/5/30, 72, 48, 45, 11, 3, 8
2024/5/31, 132, 34, 63, 12, 3, 5
2024/6/1, 94, 18, 55, 10, 3, 4
2024/6/2, 57, 35, 108, 13, 3, 5
2024/6/3, 78, 51, 94, 8, 4, 6
2024/6/4, 89, 35, 52, 8, 3, 5
2024/6/5, 81, 16, 50, 10, , 4
2024/6/6, 55, 19, 48, 11, 3, 4
2024/6/7, 52, 30, 84, 7, 3, 4
2024/6/8, 75, 27, 87, 9, 3, 5
2024/6/9, 78, 24, 52, 7, 3, 5
2024/6/10, 63, 15, 45, 6, 3, 4
2024/6/11, 41, 37, 79, 9, 3, 6
2024/6/12, 96, 47, 81, 9, 3, 6
2024/6/13, 130, 33, 72, 8, 3, 5
2024/6/14, 97, 28, 79, 8, 3, 4
2024/6/15, 77, 27, 66, 11, 3, 4
2024/6/16, 73, 16, 54, 7, 3, 4
2024/6/17, 51, 17, 63, 8, 3, 4
2024/6/18, 45, 18, 32, 10, 3, 5
2024/6/19, 47, 14, 32, 9, , 6
2024/6/20, 52, 36, 13, 21, , 7
2024/6/21, 88, 29, 36, 14, 2, 6
2024/6/22, 84, 20, 40, 9, 2, 5
2024/6/23, 58, 27, 23, 14, 3, 6
2024/6/24, 83, 24, 38, 11, 2, 5
2024/6/25, 69, 21, 29, 11, 2, 5
2024/6/26, 64, 12, 26, 10, 2, 6
2024/6/27, 46, 15, 24, 9, 2, 6
2024/6/28, 47, 26, 37, 8, 2, 4
2024/6/29, 74, 19, 21, 8, 2, 4
2024/6/30, 50, 31, 45, 9, 2, 5
2024/1/1, 158, 63, 28, 25, 2, 6
2024/1/2, 115, 76, 27, 18, 2, 9
2024/1/3, 157, 92, 42, 27, 3, 11
2024/1/4, 169, 76, 23, 32, 3, 9
2024/1/5, 158, 115, 35, 38, 3, 13
2024/1/6, 188, 70, 25, 19, 3, 8
2024/1/7, 144, 26, 18, 22, 2, 5
2024/1/8, 58, 69, 29, 26, 3, 8
2024/1/9, 140, 92, 25, 18, 3, 10
2024/1/10, 173, 96, 28, 28, 3, 11
2024/1/11, 176, 93, 27, 38, 3, 11
2024/1/12, 171, 125, 34, 47, 4, 13
2024/1/13, 191, 77, 46, 20, 3, 9
2024/1/14, 157, 32, 26, 12, 2, 7
2024/1/15, 75, 30, 27, 17, 2, 7
2024/1/16, 45, 38, 35, 20, 2, 7
2024/1/17, 57, 62, 5, 22, 2, 10
2024/1/18, 134, 37, 18, 12, 2, 12
2024/1/19, 43, 34, 10, 16, 2, 10
2024/1/20, 94, 49, 27, 11, 2, 7
2024/1/21, 128, 41, 23, 8, 2, 6
2024/1/22, 94, 35, 23, 10, 3, 6
2024/1/23, 76, 48, 22, 16, 3, 7
2024/1/24, 93, 59, 23, 28, 3, 8
2024/1/25, 121, 75, 23, 33, 4, 9
2024/1/26, 156, 87, 18, 35, 4, 10
2024/1/27, 166, 88, 38, 28, 4, 8
2024/1/28, 167, 85, 36, 23, 3, 7
2024/1/29, 167, 37, 21, 19, 2, 4
2024/1/30, 95, 27, 5, 26, 2, 5
2024/1/31, 74, 18, 31, 14, 2, 5
2024/2/1, 53, 28, 25, 9, 2, 5
2024/2/2, 55, 15, 22, 9, 2, 5
2024/2/3, 46, 28, 21, 12, 2, 7
2024/2/4, 72, 35, 27, 8, 2, 7
2024/2/5, 94, 61, 25, 10, 2, 8
2024/2/6, 154, 40, 30, 9, 2, 6
2024/2/7, 100, 61, 43, 9, 3, 8
2024/2/8, 132, 204, 55, 15, 6, 10
2024/2/9, 257, 195, 41, 12, 5, 8
2024/2/10, 252, 84, 43, 10, 3, 6
2024/2/11, 161, 80, 48, 9, 3, 6
2024/2/12, 137, 54, 40, 7, 3, 4
2024/2/13, 97, 56, 40, 9, 3, 4
2024/2/14, 120, 39, 31, 10, 2, 4
2024/2/15, 98, 26, 37, 6, 2, 4
2024/2/16, 55, 26, 38, 9, 3, 4
2024/2/17, 54, 30, 30, 10, 2, 5
2024/2/18, 70, 41, 21, 11, 2, 7
2024/2/19, 96, 17, 24, 9, , 5
2024/2/20, 53, 12, 21, 9, , 6
2024/2/21, 39, 24, 19, 9, 2, 8
2024/2/22, 69, 47, 21, 11, 2, 9
2024/2/23, 118, 45, 23, 11, 2, 10
2024/2/24, 115, 61, 31, 8, 2, 8
2024/2/25, 150, 62, 36, 11, 3, 6
2024/2/26, 137, 55, 33, 11, 3, 4
2024/2/27, 99, 37, 10, 25, 3, 6
2024/2/28, 94, 20, 33, 16, 2, 7
2024/2/29, 65, 37, 33, 7, 3, 4
2024/3/1, 69, 58, 42, 15, 3, 5
2024/3/2, 106, 59, 50, 14, 3, 4
2024/3/3, 129, 32, 39, 16, 2, 3
2024/3/4, 71, 27, 30, 22, 2, 5
2024/3/5, 79, 48, 37, 13, 3, 4
2024/3/6, 109, 50, 39, 15, 3, 4
2024/3/7, 98, 70, 44, 16, 2, 5
2024/3/8, 146, 70, 44, 21, 3, 4
2024/3/9, 153, 43, 46, 15, , 3
2024/3/10, 103, 52, 32, 22, 3, 4
2024/3/11, 109, 75, 46, 25, 3, 5
2024/3/12, 153, 43, 45, 17, 2, 4
2024/3/13, 99, 56, 16, 33, 4, 4
2024/3/14, 97, 43, 40, 24, 2, 3
2024/3/15, 82, 34, 35, 17, 3, 3
2024/3/16, 82, 70, 31, 20, 3, 6
2024/3/17, 120, 67, 28, 16, 3, 4
2024/3/18, 70, 69, 41, 17, 3, 5
2024/3/19, 122, 114, 44, 21, 3, 4
2024/3/20, 98, 65, 58, 18, 3, 4
2024/3/21, 85, 60, 64, 14, 3, 4
2024/3/22, 79, 69, 40, 33, 3, 6
2024/3/23, 119, 75, 19, 30, 3, 9
2024/3/24, 155, 46, 28, 15, 2, 6
2024/3/25, 120, 30, 38, 12, 2, 5
2024/3/26, 90, 30, 49, 14, 2, 4
2024/3/27, 83, 40, 25, 18, 2, 7
2024/3/28, 105, 48, 58, 21, 3, 7
2024/3/29, 115, 59, 87, 24, 4, 6
2024/3/30, 116, 69, 42, 21, 3, 7
2024/3/31, 143, 62, 71, 18, 3, 6
2023/10/1, 55, 28, 40, 9, 2, 4
2023/10/2, 40, 28, 37, 12, 2, 5
2023/10/3, 42, 29, 35, 11, 2, 5
2023/10/4, 43, 41, 36, 9, 2, 4
2023/10/5, 48, 30, 33, 8, 2, 4
2023/10/6, 30, 25, 35, 9, 2, 4
2023/10/7, 36, 17, 35, 10, 2, 5
2023/10/8, 38, 40, 37, 17, 2, 6
2023/10/9, 82, 50, 44, 19, 2, 6
2023/10/10, 109, 34, 46, 14, 2, 5
2023/10/11, 66, 35, 38, 18, 2, 5
2023/10/12, 71, 22, 34, 14, 2, 5
2023/10/13, 61, 47, 51, 23, 2, 7
2023/10/14, 126, 56, 66, 23, 3, 7
2023/10/15, 131, 66, 69, 23, 3, 8
2023/10/16, 145, 61, 85, 24, 2, 7
2023/10/17, 142, 45, 90, 17, 2, 6
2023/10/18, 115, 60, 91, 21, 3, 7
2023/10/19, 135, 28, 33, 13, 2, 6
2023/10/20, 61, 42, 39, 20, 2, 6
2023/10/21, 70, 37, 48, 22, 2, 6
2023/10/22, 70, 28, 47, 19, 2, 5
2023/10/23, 55, 39, 57, 17, 2, 6
2023/10/24, 78, 57, 80, 21, 2, 7
2023/10/25, 128, 53, 86, 22, 3, 7
2023/10/26, 125, 50, 63, 20, 2, 8
2023/10/27, 119, 27, 35, 22, 2, 4
2023/10/28, 51, 38, 53, 17, 2, 4
2023/10/29, 56, 37, 49, 16, 2, 4
2023/10/30, 63, 37, 62, 18, 2, 4
2023/10/31, 71, 35, 63, 14, 2, 4
2023/11/1, 69, 26, 55, 10, 2, 4
2023/11/2, 53, 46, 64, 16, 3, 5
2023/11/3, 88, 27, 32, 14, 2, 5
2023/11/4, 64, 20, 36, 8, 2, 5
2023/11/5, 43, 31, 29, 9, 2, 6
2023/11/6, 62, 53, 31, 20, 3, 6
2023/11/7, 79, 48, 32, 23, 3, 6
2023/11/8, 85, 54, 21, 26, 2, 7
2023/11/9, 110, 25, 27, 10, 2, 6
2023/11/10, 66, 27, 26, 10, 2, 4
2023/11/11, 43, 37, 21, 11, 2, 6
2023/11/12, 86, 40, 26, 20, 3, 7
2023/11/13, 77, 61, 32, 30, 2, 8
2023/11/14, 127, 84, 34, 39, 4, 10
2023/11/15, 165, 93, 30, 25, 3, 8
2023/11/16, 152, 93, 27, 16, 3, 6
2023/11/17, 90, 52, 23, 22, 3, 7
2023/11/18, 78, 64, 30, 33, 3, 8
2023/11/19, 111, 79, 43, 38, 4, 10
2023/11/20, 157, 62, 54, 35, 3, 8
2023/11/21, 130, 56, 42, 30, 2, 7
2023/11/22, 116, 87, 55, 32, 5, 10
2023/11/23, 162, 40, 24, 15, 2, 6
2023/11/24, 51, 33, 26, 18, 2, 5
2023/11/25, 50, 43, 22, 23, 2, 4
2023/11/26, 76, 68, 39, 21, 3, 6
2023/11/27, 141, 86, 31, 24, 4, 7
2023/11/28, 152, 69, 42, 18, 3, 6
2023/11/29, 126, 38, 22, 12, 3, 5
2023/11/30, 63, 49, 23, 17, 5, 8
2023/12/1, 79, 60, 26, 30, 3, 9
2023/12/2, 107, 81, 19, 39, 4, 10
2023/12/3, 155, 86, 7, 42, 3, 9
2023/12/4, 164, 72, 26, 31, 3, 9
2023/12/5, 160, 86, 26, 29, 3, 8
2023/12/6, 151, 105, 36, 28, 4, 8
2023/12/7, 143, 73, 36, 24, 4, 7
2023/12/8, 125, 71, 25, 35, 4, 7
2023/12/9, 133, 66, 15, 29, 2, 7
2023/12/10, 126, 28, 17, 10, 2, 8
2023/12/11, 77, 43, 17, 9, , 8
2023/12/12, 99, 54, 22, 20, 2, 9
2023/12/13, 119, 50, 31, 25, 3, 8
2023/12/14, 114, 36, 13, 22, 2, 11
2023/12/15, 85, 43, 26, 8, 2, 8
2023/12/16, 94, 30, 25, 9, 2, 5
2023/12/17, 68, 25, 18, 17, 2, 5
2023/12/18, 58, 33, 15, 17, 2, 7
2023/12/19, 86, 58, 26, 14, 3, 8
2023/12/20, 119, 41, 28, 10, 3, 7
2023/12/21, 78, 43, 22, 15, 3, 7
2023/12/22, 78, 54, 14, 29, 3, 6
2023/12/23, 102, 73, 25, 27, 4, 7
2023/12/24, 144, 92, 27, 33, 4, 9
2023/12/25, 162, 94, 30, 38, 4, 8
2023/12/26, 166, 71, 28, 33, 3, 5
2023/12/27, 153, 77, 16, 38, 2, 8
2023/12/28, 153, 71, 22, 28, 2, 5
2023/12/29, 149, 73, 15, 25, 2, 7
2023/12/30, 147, 121, 26, 19, 2, 11
2023/12/31, 208, 83, 29, 16, 2, 8
2023/7/1, 61, 35, 88, 9, 1, 5
2023/7/2, 96, 34, 82, 11, 1, 5
2023/7/3, 85, 28, 60, 9, 1, 5
2023/7/4, 75, 31, 55, 8, 1, 6
2023/7/5, 66, 39, 72, 11, 1, 6
2023/7/6, 108, 30, 60, 10, 1, 5
2023/7/7, 71, 33, 41, 12, 1, 5
2023/7/8, 74, 38, 50, 12, 1, 5
2023/7/9, 104, 27, 39, 15, 1, 5
2023/7/10, 67, 38, 104, 9, 1, 5
2023/7/11, 81, 42, 93, 9, 1, 5
2023/7/12, 87, 40, 82, 8, 1, 5
2023/7/13, 81, 42, 109, 8, 1, 5
2023/7/14, 83, 37, 86, 8, 1, 5
2023/7/15, 79, 20, 34, 9, 1, 8
2023/7/16, 56, 15, 25, 4, 1, 3
2023/7/17, 33, 20, 48, 7, 1, 4
2023/7/18, 47, 23, 31, 11, 1, 4
2023/7/19, 47, 24, 25, 9, 1, 4
2023/7/20, 54, 18, 67, 8, 1, 5
2023/7/21, 60, 19, 49, 8, 1, 4
2023/7/22, 55, 23, 45, 6, 1, 4
2023/7/23, 54, 32, 60, 9, 1, 6
2023/7/24, 78, 15, 39, 5, 1, 4
2023/7/25, 41, 20, 29, 4, 1, 4
2023/7/26, 27, 15, 17, 6, 1, 4
2023/7/27, 22, 16, 14, 4, 1, 4
2023/7/28, 28, 16, 16, 3, 1, 4
2023/7/29, 25, 15, 30, 4, 1, 4
2023/7/30, 32, 19, 22, 4, 1, 4
2023/7/31, 46, 18, 16, 5, 1, 4
2023/8/1, 40, 20, 22, 4, 1, 4
2023/8/2, 47, 27, 20, 3, 1, 4
2023/8/3, 46, 24, 20, 5, 1, 5
2023/8/4, 43, 25, 31, 5, 1, 4
2023/8/5, 50, 31, 63, 6, 1, 4
2023/8/6, 66, 29, 40, 10, 1, 5
2023/8/7, 62, 33, 56, 6, 2, 6
2023/8/8, 62, 31, 53, 6, 1, 6
2023/8/9, 67, 42, 96, 6, 1, 7
2023/8/10, 91, 48, 109, 6, 1, 6
2023/8/11, 108, 38, 89, 6, 1, 5
2023/8/12, 98, 27, 74, 5, 1, 5
2023/8/13, 62, 25, 40, 5, 1, 5
2023/8/14, 53, 31, 35, 8, 1, 5
2023/8/15, 57, 33, 48, 9, 1, 4
2023/8/16, 63, 29, 53, 10, 1, 6
2023/8/17, 69, 29, 56, 13, 1, 6
2023/8/18, 67, 25, 39, 6, 1, 5
2023/8/19, 67, 22, 39, 5, 1, 5
2023/8/20, 56, 27, 72, 5, 1, 5
2023/8/21, 63, 33, 63, 8, 1, 7
2023/8/22, 76, 30, 55, 8, 1, 8
2023/8/23, 87, 32, 97, 10, 2, 8
2023/8/24, 74, 34, 90, 8, 1, 6
2023/8/25, 70, 30, 58, 7, 1, 6
2023/8/26, 60, 17, 31, 4, 1, 5
2023/8/27, 38, 14, 32, 5, 1, 6
2023/8/28, 34, 17, 28, 8, 1, 8
2023/8/29, 46, 11, 39, 9, 1, 6
2023/8/30, 40, 26, 40, 11, 1, 7
2023/8/31, 74, 19, 47, 11, 1, 5
2023/9/1, 48, 35, 62, 7, , 6
2023/9/2, 65, 31, 43, 7, 1, 5
2023/9/3, 62, 19, 21, 10, 2, 4
2023/9/4, 45, 29, 25, 10, 2, 4
2023/9/5, 57, 27, 31, 9, 2, 4
2023/9/6, 59, 37, 46, 9, 2, 5
2023/9/7, 72, 28, 54, 9, 2, 5
2023/9/8, 68, 28, 58, 12, , 5
2023/9/9, 58, 31, 85, 12, 2, 4
2023/9/10, 64, 32, 75, 10, 2, 5
2023/9/11, 64, 24, 40, 8, 2, 4
2023/9/12, 54, 22, 33, 4, 1, 5
2023/9/13, 45, 22, 23, 14, 2, 5
2023/9/14, 51, 23, 23, 19, 1, 5
2023/9/15, 63, 22, 29, 10, 1, 6
2023/9/16, 68, 37, 70, 16, 2, 8
2023/9/17, 90, 38, 77, 9, 2, 7
2023/9/18, 106, 21, 61, 8, 2, 5
2023/9/19, 64, 22, 34, 8, 2, 5
2023/9/20, 44, 24, 30, 14, 2, 5
2023/9/21, 46, 20, 22, 17, , 5
2023/9/22, 41, 16, 28, 15, , 5
2023/9/23, 40, 22, 22, 16, 1, 5
2023/9/24, 49, 44, 44, 18, 2, 7
2023/9/25, 72, 50, 55, 18, 2, 9
2023/9/26, 115, 42, 64, 13, 2, 7
2023/9/27, 114, 44, 39, 14, 2, 8
2023/9/28, 116, 38, 56, 8, 2, 8
2023/9/29, 105, 32, 32, 7, 2, 10
2023/9/30, 87, 27, 47, 8, 2, 5
2023/4/1, 110, 52, 57, 24, 4, 4
2023/4/2, 108, 43, 55, 9, 4, 5
2023/4/3, 79, 24, 36, 10, 4, 5
2023/4/4, 61, 33, 32, 8, 3, 8
2023/4/5, 96, 43, 29, 14, 3, 9
2023/4/6, 120, 60, 46, 15, 4, 10
2023/4/7, 154, 47, 50, 16, 4, 7
2023/4/8, 107, 37, 73, 14, 4, 4
2023/4/9, 83, 37, 81, 14, 4, 5
2023/4/10, 76, 148, 47, 14, 4, 6
2023/4/11, 106, 258, 35, 12, 4, 5
2023/4/12, 165, 157, 38, 14, 4, 6
2023/4/13, 151, 73, 34, 19, 4, 8
2023/4/14, 131, 49, 51, 12, 4, 6
2023/4/15, 110, 66, 75, 11, 4, 5
2023/4/16, 113, 53, 66, 11, 4, 6
2023/4/17, 95, 65, 75, 17, 4, 7
2023/4/18, 103, 21, 36, 9, 3, 5
2023/4/19, 60, 30, 38, 12, 4, 4
2023/4/20, 62, 49, 42, 10, 4, 4
2023/4/21, 71, 85, 42, 11, 4, 6
2023/4/22, 98, 85, 35, 8, 4, 4
2023/4/23, 102, 39, 37, 8, 4, 3
2023/4/24, 57, 44, 32, 12, 5, 6
2023/4/25, 78, 59, 68, 12, 4, 6
2023/4/26, 139, 54, 78, 11, 4, 5
2023/4/27, 124, 50, 61, 12, 4, 6
2023/4/28, 111, 63, 26, 13, 4, 6
2023/4/29, 129, 77, 68, 16, 4, 4
2023/4/30, 104, 67, 88, 14, 5, 4
2023/5/1, 105, 49, 59, 7, 4, 4
2023/5/2, 61, 41, 40, 9, 4, 4
2023/5/3, 66, 31, 45, 9, 4, 5
2023/5/4, 66, 28, 38, 12, 4, 6
2023/5/5, 70, 36, 37, 12, 4, 6
2023/5/6, 92, 24, 30, 7, 4, 4
2023/5/7, 59, 31, 46, 10, 4, 4
2023/5/8, 71, 40, 66, 17, 4, 4
2023/5/9, 83, 36, 56, 18, 4, 4
2023/5/10, 74, 49, 35, 27, 5, 5
2023/5/11, 94, 71, 98, 24, 5, 6
2023/5/12, 160, 64, 115, 16, 5, 6
2023/5/13, 153, 64, 95, 19, 5, 7
2023/5/14, 139, 63, 102, 20, 5, 6
2023/5/15, 125, 45, 76, 11, 4, 5
2023/5/16, 73, 26, 39, 8, 4, 5
2023/5/17, 47, 24, 36, 9, 4, 5
2023/5/18, 70, 19, 42, 10, , 4
2023/5/19, 56, 28, 61, 10, 4, 4
2023/5/20, 76, 38, 63, 10, 4, 5
2023/5/21, 95, 63, 33, 9, 4, 5
2023/5/22, 96, 96, 68, 14, 5, 6
2023/5/23, 122, 55, 49, 19, 4, 6
2023/5/24, 83, 47, 78, 11, 4, 6
2023/5/25, 92, 52, 73, 12, 4, 6
2023/5/26, 84, 36, 41, 8, 4, 5
2023/5/27, 68, 33, 70, 7, 4, 4
2023/5/28, 79, 37, 115, 10, 4, 5
2023/5/29, 68, 47, 58, 14, 5, 7
2023/5/30, 103, 43, 28, 14, 4, 5
2023/5/31, 85, 35, 52, 14, 5, 6
2023/6/1, 76, 50, 119, 12, 5, 7
2023/6/2, 101, 48, 66, 10, 5, 4
2023/6/3, 102, 34, 51, 10, 4, 3
2023/6/4, 69, 43, 39, 12, 4, 5
2023/6/5, 83, 35, 53, 11, , 6
2023/6/6, 96, 43, 43, 16, 4, 6
2023/6/7, 108, 37, 83, 13, 4, 6
2023/6/8, 98, 39, 107, 12, 4, 6
2023/6/9, 102, 35, 109, 9, 4, 5
2023/6/10, 75, 41, 71, 11, 4, 5
2023/6/11, 87, 20, 43, 9, 4, 4
2023/6/12, 50, 23, 27, 10, 4, 4
2023/6/13, 46, 32, 93, 9, 4, 4
2023/6/14, 78, 49, 116, 13, 4, 6
2023/6/15, 119, 48, 91, 13, 4, 6
2023/6/16, 124, 16, 47, 8, 4, 4
2023/6/17, 48, 18, 27, 13, , 5
2023/6/18, 58, 19, 31, 13, 3, 5
2023/6/19, 61, 24, 68, 7, 3, 6
2023/6/20, 64, 49, 125, 13, 4, 8
2023/6/21, 128, 53, 93, 11, 4, 7
2023/6/22, 131, 42, 53, 8, 4, 6
2023/6/23, 105, 10, 44, 7, 2, 4
2023/6/24, 35, 15, 46, 8, 1, 4
2023/6/25, 53, 29, 40, 10, 2, 4
2023/6/26, 66, 25, 41, 11, 2, 4
2023/6/27, 62, 32, 82, 7, 1, 4
2023/6/28, 70, 38, 63, 9, 1, 4
2023/6/29, 72, 30, 33, 10, , 4
2023/6/30, 56, 22, 90, 5, 1, 5
2023/1/2, 146, 27, 24, 18, 3, 4
2023/1/3, 50, 38, 31, 28, 4, 5
2023/1/4, 93, 36, 25, 24, 3, 5
2023/1/5, 93, 63, 46, 27, 4, 7
2023/1/6, 152, 79, 47, 30, 4, 8
2023/1/7, 168, 67, 44, 22, 4, 5
2023/1/8, 114, 70, 48, 21, 4, 6
2023/1/9, 140, 32, 27, 13, 3, 3
2023/1/10, 31, 34, 34, 22, 3, 4
2023/1/11, 51, 17, 33, 16, , 3
2023/1/12, 46, 12, 3, 22, 3, 6
2023/1/13, 36, 10, 23, 10, , 5
2023/1/14, 27, 27, 22, 6, 3, 6
2023/1/15, 65, 42, 25, 10, 4, 8
2023/1/16, 88, 45, 32, 12, 4, 9
2023/1/17, 116, 60, 34, 16, 4, 9
2023/1/18, 140, 72, 38, 22, 4, 9
2023/1/19, 137, 90, 34, 12, 4, 7
2023/1/20, 131, 65, 36, 5, 3, 3
2023/1/21, 59, 18, 23, 7, 3, 4
2023/1/22, 50, 20, 30, 5, 3, 5
2023/1/23, 41, 40, 28, 2, 3, 5
2023/1/24, 72, 26, 32, 3, 3, 5
2023/1/25, 37, 71, 32, 9, 4, 6
2023/1/26, 139, 53, 30, 5, 4, 8
2023/1/27, 87, 57, 33, 11, 4, 7
2023/1/28, 90, 54, 38, 14, 4, 6
2023/1/29, 96, 53, 43, 19, 4, 7
2023/1/30, 113, 41, 39, 16, 4, 5
2023/1/31, 98, 53, 45, 24, 4, 8
2023/2/1, 109, 42, 26, 9, 3, 7
2023/2/2, 43, 49, 20, 12, 3, 7
2023/2/3, 50, 27, 28, 15, 4, 6
2023/2/4, 56, 37, 35, 12, 4, 5
2023/2/5, 101, 22, 27, 16, 3, 5
2023/2/6, 69, 23, 32, 13, 3, 5
2023/2/7, 65, 38, 35, 13, 3, 5
2023/2/8, 95, 22, 29, 17, 3, 5
2023/2/9, 63, 24, 26, 13, 3, 6
2023/2/10, 74, 18, 26, 15, 3, 4
2023/2/11, 52, 16, 21, 14, 3, 5
2023/2/12, 50, 31, 36, 8, 3, 5
2023/2/13, 77, 32, 26, 8, 3, 4
2023/2/14, 65, 36, 30, 12, 4, 6
2023/2/15, 77, 33, 30, 16, 3, 6
2023/2/16, 76, 34, 29, 20, 4, 5
2023/2/17, 85, 49, 38, 29, 5, 8
2023/2/18, 118, 72, 34, 16, 4, 8
2023/2/19, 165, 48, 36, 15, 4, 8
2023/2/20, 122, 30, 30, 8, 3, 5
2023/2/21, 57, 29, 26, 12, 3, 5
2023/2/22, 51, 26, 16, 19, 3, 7
2023/2/23, 65, 39, 33, 16, 3, 8
2023/2/24, 108, 48, 33, 10, 3, 7
2023/2/25, 108, 28, 33, 12, 3, 4
2023/2/26, 69, 30, 40, 18, 3, 4
2023/2/27, 86, 32, 42, 18, 4, 4
2023/2/28, 81, 61, 49, 25, 7, 8
2023/3/1, 151, 55, 38, 18, 4, 7
2023/3/2, 121, 30, 33, 21, 3, 4
2023/3/3, 60, 44, 44, 25, 3, 5
2023/3/4, 98, 39, 47, 18, 4, 5
2023/3/5, 93, 51, 73, 22, 4, 5
2023/3/6, 121, 56, 72, 22, 4, 6
2023/3/7, 111, 55, 39, 25, 4, 6
2023/3/8, 121, 63, 65, 25, 4, 8
2023/3/9, 151, 70, 73, 24, 4, 7
2023/3/10, 143, 48, 57, 15, 4, 6
2023/3/11, 93, 55, 32, 9, 3, 7
2023/3/12, 82, 46, 34, 10, 4, 7
2023/3/13, 63, 46, 50, 12, 4, 6
2023/3/14, 58, 50, 51, 14, 5, 7
2023/3/15, 92, 64, 38, 7, 3, 6
2023/3/16, 60, 21, 31, 9, 3, 7
2023/3/17, 40, 37, 24, 13, 3, 7
2023/3/18, 87, 36, 41, 14, 4, 3
2023/3/19, 73, 30, 40, 12, 3, 4
2023/3/20, 81, 25, 14, 23, 3, 5
2023/3/21, 75, 45, 9, 28, 4, 6
2023/3/22, 124, 90, 31, 13, 3, 6
2023/3/23, 95, 86, 28, 11, 4, 5
2023/3/24, 80, 46, 22, 15, 4, 5
2023/3/25, 67, 59, 38, 13, 4, 6
2023/3/26, 92, 76, 41, 23, 4, 7
2023/3/27, 115, 58, 51, 18, 4, 6
2023/3/28, 114, 52, 35, 19, 4, 6
2023/3/29, 97, 49, 46, 15, 3, 8
2023/3/30, 131, 40, 33, 17, 4, 7
2023/3/31, 100, 46, 44, 27, 5, 4
2022/10/1, 76, 22, 45, 6, 3, 5
2022/10/2, 58, 29, 63, 6, 3, 5
2022/10/3, 66, 23, 25, 5, 3, 4
2022/10/4, 42, 23, 25, 7, 3, 3
2022/10/5, 39, 14, 26, 9, 3, 3
2022/10/6, 36, 18, 26, 9, 2, 4
2022/10/7, 42, 25, 34, 14, 3, 5
2022/10/8, 54, 32, 41, 9, 3, 6
2022/10/9, 82, 41, 32, 11, 3, 5
2022/10/10, 51, 35, 34, 17, 3, 7
2022/10/11, 69, 27, 36, 16, 3, 5
2022/10/12, 48, 27, 42, 15, 3, 6
2022/10/13, 43, 36, 35, 19, 3, 6
2022/10/14, 61, 35, 41, 16, 3, 5
2022/10/15, 82, 40, 38, 15, 3, 4
2022/10/16, 103, 48, 31, 11, 3, 5
2022/10/17, 94, 30, 31, 12, 3, 5
2022/10/18, 43, 29, 36, 17, 3, 5
2022/10/19, 49, 30, 35, 20, 3, 6
2022/10/20, 52, 38, 43, 21, 3, 5
2022/10/21, 62, 40, 44, 17, 3, 5
2022/10/22, 91, 40, 51, 10, 3, 5
2022/10/23, 82, 35, 41, 13, 3, 4
2022/10/24, 55, 29, 32, 15, 3, 4
2022/10/25, 45, 32, 20, 22, 3, 5
2022/10/26, 49, 16, 29, 16, 3, 5
2022/10/27, 37, 30, 35, 11, 3, 5
2022/10/28, 51, 33, 36, 14, 3, 5
2022/10/29, 56, 35, 36, 13, 3, 4
2022/10/30, 67, 28, 32, 12, 3, 4
2022/10/31, 46, 34, 37, 16, 3, 5
2022/11/1, 72, 50, 40, 17, 3, 6
2022/11/2, 110, 37, 38, 20, 3, 6
2022/11/3, 71, 32, 30, 11, 3, 6
2022/11/4, 57, 38, 34, 16, 3, 7
2022/11/5, 76, 34, 41, 21, 3, 4
2022/11/6, 69, 30, 45, 21, 3, 5
2022/11/7, 73, 27, 35, 22, 3, 5
2022/11/8, 61, 34, 43, 18, 3, 5
2022/11/9, 73, 42, 36, 19, 3, 6
2022/11/10, 107, 28, 14, 14, 3, 5
2022/11/11, 81, 23, 37, 12, 3, 5
2022/11/12, 59, 25, 17, 10, 3, 6
2022/11/13, 44, 38, 13, 18, 3, 7
2022/11/14, 73, 51, 23, 23, 5, 11
2022/11/15, 133, 54, 37, 25, 4, 10
2022/11/16, 141, 6, 27, 13, 3, 6
2022/11/17, 13, 29, 23, 16, 3, 5
2022/11/18, 25, 38, 15, 28, 3, 5
2022/11/19, 71, 44, 26, 22, 3, 7
2022/11/20, 116, 46, 30, 30, 3, 7
2022/11/21, 117, 33, 29, 15, 3, 6
2022/11/22, 90, 27, 28, 14, 3, 6
2022/11/23, 47, 42, 26, 25, 3, 6
2022/11/24, 56, 43, 31, 26, 3, 7
2022/11/25, 57, 55, 37, 29, 4, 10
2022/11/26, 118, 31, 30, 18, 3, 5
2022/11/27, 62, 20, 27, 13, 3, 5
2022/11/28, 30, 19, 24, 10, 3, 6
2022/11/29, 38, 24, 20, 9, 3, 7
2022/11/30, 33, 31, 14, 14, 4, 6
2022/12/1, 60, 41, 10, 22, 5, 7
2022/12/2, 76, 33, 18, 24, 3, 6
2022/12/3, 76, 29, 22, 9, 3, 4
2022/12/4, 30, 21, 20, 13, 3, 3
2022/12/5, 30, 31, 24, 23, 3, 5
2022/12/6, 35, 53, 19, 33, 4, 6
2022/12/7, 84, 58, 18, 37, 4, 6
2022/12/8, 97, 48, , 33, 3, 9
2022/12/9, 119, 60, 20, 21, 3, 10
2022/12/10, 148, 38, 26, 11, 3, 5
2022/12/11, 76, 36, 25, 16, 4, 7
2022/12/12, 80, 85, 22, 22, 5, 9
2022/12/13, 133, 80, 22, 19, 4, 8
2022/12/14, 73, 57, 30, 27, 4, 5
2022/12/15, 69, 36, 22, 19, 3, 3
2022/12/16, 40, 40, 20, 9, 3, 5
2022/12/17, 63, 52, 23, 15, 4, 6
2022/12/18, 49, 49, 24, 27, 4, 7
2022/12/19, 70, 43, 30, 30, 4, 6
2022/12/20, 62, 60, 27, 19, 4, 6
2022/12/21, 92, 75, 25, 20, 4, 7
2022/12/22, 96, 31, 24, 14, 4, 6
2022/12/23, 46, 43, 25, 22, 4, 7
2022/12/24, 83, 39, 24, 18, 4, 6
2022/12/25, 84, 46, 21, 26, 4, 6
2022/12/26, 113, 60, 24, 28, 5, 8
2022/12/27, 156, 72, 27, 24, 5, 8
2022/12/28, 166, 39, 22, 20, 3, 5
2022/12/29, 94, 34, 14, 26, 3, 5
2022/12/30, 79, 58, 20, 33, 5, 9
2022/12/31, 137, 72, 9, 42, 4, 8
2023/1/1, 164, 60, 25, 23, 4, 8
2022/7/1, 39, 11, 22, 2, 1, 3
2022/7/2, 30, 13, 27, 3, 1, 4
2022/7/3, 35, 14, 33, 4, 1, 4
2022/7/4, 42, 27, 67, 6, 1, 5
2022/7/5, 68, 23, 57, 4, 1, 5
2022/7/6, 57, 24, 66, 7, 1, 6
2022/7/7, 68, 28, 51, 8, 1, 6
2022/7/8, 82, 25, 87, 7, 1, 5
2022/7/9, 73, 37, 74, 5, 1, 6
2022/7/10, 105, 19, 65, 6, 1, 5
2022/7/11, 52, 39, 104, 8, 1, 6
2022/7/12, 99, 38, 99, 8, 1, 6
2022/7/13, 95, 35, 78, 12, 1, 6
2022/7/14, 84, 36, 70, 8, 1, 7
2022/7/15, 92, 35, 80, 12, , 8
2022/7/16, 100, 38, 74, 6, , 7
2022/7/17, 102, 23, 51, 7, , 8
2022/7/18, 70, 25, 54, 7, , 7
2022/7/19, 76, 24, 60, 8, , 5
2022/7/20, 72, 17, 47, 6, , 4
2022/7/21, 55, 36, 99, 5, , 6
2022/7/22, 101, 34, 55, 5, 1, 5
2022/7/23, 90, 31, 87, 5, 1, 7
2022/7/24, 82, 26, 71, 4, , 6
2022/7/25, 81, 24, 73, 7, , 6
2022/7/26, 68, 28, 98, 7, , 5
2022/7/27, 77, 24, 80, 6, , 5
2022/7/28, 68, 12, 20, 3, 3, 4
2022/7/29, 38, 15, 23, 6, , 5
2022/7/30, 48, 21, 50, 5, , 6
2022/7/31, 64, 24, 71, 6, , 6
2022/8/1, 69, 31, 63, 4, , 6
2022/8/2, 89, 15, 46, 3, , 5
2022/8/3, 54, 15, 48, 4, 1, 4
2022/8/4, 48, 27, 89, 6, 1, 5
2022/8/5, 63, 35, 54, 10, 2, 6
2022/8/6, 76, 19, 69, 6, 2, 6
2022/8/7, 54, 15, 48, 4, 2, 4
2022/8/8, 38, 18, 72, 5, 2, 4
2022/8/9, 44, 25, 93, 6, 2, 4
2022/8/10, 56, 35, 94, 8, 2, 5
2022/8/11, 76, 37, 84, 11, 2, 6
2022/8/12, 81, 41, 90, 9, 2, 6
2022/8/13, 98, 32, 92, 8, 2, 4
2022/8/14, 77, 27, 93, 6, 2, 5
2022/8/15, 46, 32, 81, 9, 2, 5
2022/8/16, 69, 21, 104, 9, 2, 6
2022/8/17, 62, 27, 78, 8, 2, 5
2022/8/18, 68, 22, 89, 6, 2, 4
2022/8/19, 56, 33, 52, 10, , 6
2022/8/20, 73, 31, 62, 9, 2, 7
2022/8/21, 77, 33, 85, 7, 2, 6
2022/8/22, 81, 31, 96, 10, , 7
2022/8/23, 79, 28, 33, 7, 2, 5
2022/8/24, 55, 25, 50, 7, 2, 4
2022/8/25, 48, 33, 34, 10, 2, 5
2022/8/26, 56, 23, 41, 11, 2, 5
2022/8/27, 62, 23, 43, 6, 3, 5
2022/8/28, 43, 26, 74, 7, 2, 5
2022/8/29, 56, 40, 57, 9, 2, 8
2022/8/30, 89, 18, 38, 8, 2, 5
2022/8/31, 55, 24, 58, 8, 2, 6
2022/9/1, 57, 22, 40, 8, 2, 6
2022/9/2, 48, 10, 28, 7, 2, 6
2022/9/3, 33, 12, 22, 5, 2, 7
2022/9/4, 28, 8, 42, 7, 2, 4
2022/9/5, 24, 45, 97, 11, 3, 7
2022/9/6, 102, 50, 109, 12, 3, 8
2022/9/7, 116, 40, 76, 19, 3, 7
2022/9/8, 72, 26, 50, 14, 3, 4
2022/9/9, 53, 25, 73, 11, 2, 4
2022/9/10, 61, 30, 46, 10, 2, 5
2022/9/11, 53, 28, 31, 12, 3, 6
2022/9/12, 66, 12, 25, 10, 2, 4
2022/9/13, 38, 8, 20, 8, , 4
2022/9/14, 29, 10, 28, 7, 2, 5
2022/9/15, 34, 35, 49, 13, 3, 6
2022/9/16, 84, 46, 75, 18, 3, 9
2022/9/17, 116, 32, 57, 8, 3, 7
2022/9/18, 78, 48, 49, 8, 3, 7
2022/9/19, 85, 36, 38, 11, 2, 6
2022/9/20, 50, 30, 30, 14, 3, 6
2022/9/21, 40, 33, 52, 17, 3, 8
2022/9/22, 57, 47, 60, 15, 3, 6
2022/9/23, 66, 28, 37, 10, 3, 4
2022/9/24, 43, 29, 43, 11, 3, 4
2022/9/25, 42, 36, 40, 14, 3, 5
2022/9/26, 65, 23, 41, 11, 3, 5
2022/9/27, 49, 25, 26, 19, 3, 6
2022/9/28, 60, 30, 47, 20, 3, 7
2022/9/29, 74, 20, 30, 14, 3, 8
2022/9/30, 49, 27, 46, 9, 3, 8
2022/4/1, 69, 26, 52, 6, 2, 6
2022/4/2, 71, 18, 44, 7, 2, 5
2022/4/3, 58, 24, 46, 7, 2, 5
2022/4/4, 67, 31, 41, 11, 3, 6
2022/4/5, 70, 44, 73, 12, 3, 7
2022/4/6, 99, 50, 87, 12, 3, 7
2022/4/7, 102, 41, 75, 13, 3, 6
2022/4/8, 81, 43, 78, 10, 3, 6
2022/4/9, 80, 40, 59, 7, 2, 6
2022/4/10, 81, 46, 88, 10, 3, 7
2022/4/11, 103, 30, 77, 12, 3, 7
2022/4/12, 82, 21, 37, 9, 2, 10
2022/4/13, 63, 16, 28, 6, 1, 7
2022/4/14, 47, 20, 57, 5, 2, 7
2022/4/15, 52, 43, 52, 7, 2, 8
2022/4/16, 100, 31, 55, 8, 3, 6
2022/4/17, 76, 33, 67, 8, 2, 7
2022/4/18, 72, 54, 81, 12, 3, 8
2022/4/19, 117, 60, 90, 12, 3, 8
2022/4/20, 125, 51, 76, 8, 2, 9
2022/4/21, 131, 44, 66, 11, 3, 9
2022/4/22, 111, 17, 35, 6, 3, 8
2022/4/23, 55, 8, 39, 5, 3, 7
2022/4/24, 28, 20, 38, 7, 2, 7
2022/4/25, 64, 20, 25, 8, 2, 8
2022/4/26, 67, 45, 45, 7, 2, 5
2022/4/27, 57, 66, 35, 7, , 5
2022/4/28, 76, 17, 42, 6, 2, 6
2022/4/29, 41, 26, 48, 7, 2, 6
2022/4/30, 69, 33, 59, 6, 2, 7
2022/5/1, 87, 46, 65, 10, 2, 7
2022/5/2, 112, 52, 95, 12, 3, 7
2022/5/3, 123, 47, 75, 10, 3, 7
2022/5/4, 114, 27, 61, 8, 2, 6
2022/5/5, 64, 20, 63, 7, 2, 6
2022/5/6, 60, 15, 44, 5, 2, 6
2022/5/7, 49, 21, 45, 6, 4, 6
2022/5/8, 52, 20, 44, 8, 3, 5
2022/5/9, 41, 25, 41, 6, 2, 6
2022/5/10, 53, 22, 38, 6, 2, 6
2022/5/11, 58, 19, 35, 7, , 6
2022/5/12, 56, 17, 39, 6, 2, 7
2022/5/13, 49, 28, 56, 8, 2, 7
2022/5/14, 66, 27, 57, 10, 3, 7
2022/5/15, 69, 39, 72, 11, 3, 7
2022/5/16, 83, 49, 89, 11, 3, 7
2022/5/17, 112, 30, 77, 9, 3, 6
2022/5/18, 73, 31, 60, 8, 3, 6
2022/5/19, 73, 26, 27, 10, 3, 7
2022/5/20, 75, 18, 49, 7, 2, 7
2022/5/21, 60, 24, 56, 6, 2, 7
2022/5/22, 67, 17, 48, 6, 2, 7
2022/5/23, 49, 13, 42, 7, 2, 7
2022/5/24, 42, 19, 51, 7, 2, 7
2022/5/25, 62, 26, 40, 11, 3, 8
2022/5/26, 79, 45, 98, 11, 3, 8
2022/5/27, 122, 19, 50, 8, 2, 8
2022/5/28, 62, 17, 29, 9, 2, 9
2022/5/29, 59, 38, 58, 11, 2, 11
2022/5/30, 104, 17, 54, 10, 2, 7
2022/5/31, 35, 34, 52, 9, 2, 10
2022/6/1, 99, 39, 53, 9, 2, 9
2022/6/2, 113, 12, 38, 4, 1, 6
2022/6/3, 48, 21, 49, 5, 1, 4
2022/6/4, 69, 18, 22, 7, 1, 5
2022/6/5, 54, 33, 84, 6, 1, 6
2022/6/6, 87, 37, 55, 7, 1, 5
2022/6/7, 93, 22, 50, 11, 1, 4
2022/6/8, 63, 28, 67, 5, 1, 5
2022/6/9, 80, 14, 37, 8, 1, 4
2022/6/10, 48, 20, 44, 8, 1, 3
2022/6/11, 64, 26, 35, 9, 1, 4
2022/6/12, 76, 13, 28, 14, 1, 4
2022/6/13, 44, 41, 89, 12, 1, 5
2022/6/14, 119, 52, 99, 12, 2, 6
2022/6/15, 135, 52, 83, 13, 2, 6
2022/6/16, 131, 43, 97, 12, 1, 6
2022/6/17, 114, 28, 69, 9, 1, 5
2022/6/18, 80, 37, 84, 11, 1, 6
2022/6/19, 96, 13, 43, 10, 1, 5
2022/6/20, 43, 19, 62, 9, 2, 5
2022/6/21, 63, 32, 52, 11, 2, 6
2022/6/22, 86, 24, 49, 9, 1, 5
2022/6/23, 58, 15, 31, 10, 1, 6
2022/6/24, 47, 26, 68, 8, 1, 4
2022/6/25, 80, 24, 54, 6, 1, 4
2022/6/26, 64, 18, 44, 4, 1, 4
2022/6/27, 43, 20, 43, 6, 1, 4
2022/6/28, 51, 19, 72, 7, 1, 5
2022/6/29, 55, 15, 48, 6, 1, 4
2022/6/30, 35, 14, 27, 3, 1, 4
2022/1/3, 159, 54, 37, 31, 1, 9
2022/1/4, 139, 20, 33, 17, , 7
2022/1/5, 59, 20, 25, 14, 1, 6
2022/1/6, 49, 40, 24, 25, 2, 5
2022/1/7, 102, 39, 18, 31, 2, 5
2022/1/8, 104, 61, 24, 28, 3, 7
2022/1/9, 156, 97, 12, 39, 3, 12
2022/1/10, 193, 57, 23, 18, 2, 7
2022/1/11, 132, 47, 13, 32, 3, 7
2022/1/12, 131, 51, , 30, 2, 8
2022/1/13, 154, 31, , 22, 3, 5
2022/1/14, 88, 56, 13, 27, 2, 7
2022/1/15, 161, 74, 33, 29, 3, 10
2022/1/16, 160, 36, 22, 27, 3, 5
2022/1/17, 72, 45, 32, 27, 2, 5
2022/1/18, 119, 53, 27, 38, 2, 6
2022/1/19, 132, 41, 29, 16, 2, 6
2022/1/20, 112, 21, 27, 14, 2, 4
2022/1/21, 59, 24, 14, 25, 2, 5
2022/1/22, 74, 17, 26, 19, 2, 6
2022/1/23, 58, 49, 28, 11, 2, 10
2022/1/24, 135, 72, 21, 19, 2, 10
2022/1/25, 168, 51, 29, 18, 2, 9
2022/1/26, 135, 35, 29, 12, 2, 9
2022/1/27, 102, 25, 24, 9, 2, 6
2022/1/28, 67, 30, 26, 8, 2, 4
2022/1/29, 83, 37, 28, 8, 2, 5
2022/1/30, 101, 66, 41, 13, 3, 8
2022/1/31, 161, 82, 34, 8, 3, 7
2022/2/1, 159, 33, 30, 6, 2, 6
2022/2/2, 80, 19, 32, 6, 2, 5
2022/2/3, 59, 30, 35, 8, 2, 5
2022/2/4, 85, 52, 34, 8, 3, 7
2022/2/5, 130, 24, 29, 7, 2, 5
2022/2/6, 62, 11, 29, 8, 2, 5
2022/2/7, 32, 13, 25, 10, 2, 5
2022/2/8, 46, 22, 19, 18, 2, 6
2022/2/9, 65, 33, 29, 14, 2, 6
2022/2/10, 91, 40, 37, 16, 1, 5
2022/2/11, 114, 50, 30, 19, 1, 6
2022/2/12, 120, 54, 33, 16, 1, 7
2022/2/13, 129, 53, 35, 18, 1, 7
2022/2/14, 130, 63, 25, 13, 1, 8
2022/2/15, 130, 43, 29, 14, 1, 6
2022/2/16, 98, 26, 32, 7, 1, 4
2022/2/17, 64, 22, 27, 13, 2, 4
2022/2/18, 54, 30, 29, 8, 1, 4
2022/2/19, 76, 35, 30, 10, 2, 4
2022/2/20, 65, 36, 27, 20, 2, 5
2022/2/21, 82, 61, 36, 28, 4, 6
2022/2/22, 137, 44, 33, 10, 1, 6
2022/2/23, 101, 33, 27, 17, 2, 6
2022/2/24, 74, 29, 36, 23, 2, 5
2022/2/25, 70, 46, 45, 17, 2, 6
2022/2/26, 113, 68, 45, 14, 2, 7
2022/2/27, 121, 61, 67, 14, 2, 7
2022/2/28, 132, 77, 47, 13, 2, 9
2022/3/1, 167, 79, 50, 13, 2, 8
2022/3/2, 161, 71, 54, 20, 2, 8
2022/3/3, 142, 43, 38, 16, 2, 6
2022/3/4, 108, 92, 31, 17, 2, 5
2022/3/5, 107, 42, 31, 12, 3, 3
2022/3/6, 36, 40, 32, 15, 2, 4
2022/3/7, 71, 55, 38, 23, 2, 5
2022/3/8, 105, 57, 51, 16, 2, 5
2022/3/9, 105, 60, 47, 14, 2, 5
2022/3/10, 91, 58, 55, 23, 3, 6
2022/3/11, 96, 41, 46, 18, 2, 5
2022/3/12, 81, 46, 55, 15, 3, 5
2022/3/13, 88, 63, 47, 22, 3, 7
2022/3/14, 130, 54, 47, 16, 2, 7
2022/3/15, 92, 47, 74, 20, 3, 7
2022/3/16, 95, 11, 26, 11, 1, 5
2022/3/17, 44, 24, 25, 13, 1, 7
2022/3/18, 69, 54, 27, 17, 1, 8
2022/3/19, 137, 22, 26, 14, 2, 5
2022/3/20, 60, 8, 33, 10, 1, 5
2022/3/21, 28, 22, 34, 11, 1, 6
2022/3/22, 48, 35, 41, 13, 2, 6
2022/3/23, 83, 28, 48, 16, 2, 5
2022/3/24, 61, 15, 31, 11, 2, 7
2022/3/25, 48, 33, 41, 10, 2, 8
2022/3/26, 88, 58, 41, 16, 4, 8
2022/3/27, 101, 36, 36, 9, 2, 5
2022/3/28, 52, 36, 47, 11, 2, 4
2022/3/29, 61, 39, 56, 11, 2, 7
2022/3/30, 86, 41, 36, 9, 2, 8
2022/3/31, 90, 26, 44, 6, 2, 6
2021/10/1, 58, 30, 89, 11, 2, 4
2021/10/2, 71, 31, 57, 6, 2, 3
2021/10/3, 54, 29, 47, 5, 2, 3
2021/10/4, 51, 35, 51, 7, 2, 3
2021/10/5, 53, 30, 34, 8, 2, 3
2021/10/6, 48, 16, 25, 8, 3, 3
2021/10/7, 36, 30, 34, 9, 3, 3
2021/10/8, 47, 24, 30, 9, 2, 3
2021/10/9, 45, 26, 27, 9, 2, 4
2021/10/10, 48, 16, 26, 7, 2, 5
2021/10/11, 22, 31, 31, 7, 2, 5
2021/10/12, 29, 13, 20, 11, 2, 5
2021/10/13, 34, 23, 18, 12, 2, 4
2021/10/14, 43, 23, 28, 12, 2, 5
2021/10/15, 60, 15, 30, 6, , 2
2021/10/16, 26, 26, 23, 7, 2, 2
2021/10/17, 24, 29, 18, 18, 2, 3
2021/10/18, 36, 47, 31, 23, 2, 5
2021/10/19, 93, 19, 26, 14, 2, 3
2021/10/20, 40, 30, 20, 18, 2, 6
2021/10/21, 79, 62, 38, 21, 3, 6
2021/10/22, 154, 38, 39, 26, 3, 4
2021/10/23, 86, 26, 39, 21, 2, 3
2021/10/24, 45, 34, 35, 25, 2, 4
2021/10/25, 65, 34, 38, 30, 2, 4
2021/10/26, 75, 47, 50, 29, 3, 6
2021/10/27, 106, 38, 34, 21, 2, 4
2021/10/28, 75, 42, 35, 22, 2, 4
2021/10/29, 64, 41, 54, 23, 2, 4
2021/10/30, 77, 34, 35, 21, 2, 4
2021/10/31, 63, 50, 52, 23, 2, 5
2021/11/1, 108, 50, 39, 17, 2, 4
2021/11/2, 113, 44, 42, 21, 2, 3
2021/11/3, 78, 42, 43, 23, 2, 3
2021/11/4, 84, 15, 34, 13, 2, 4
2021/11/5, 52, 19, 31, 11, 2, 3
2021/11/6, 36, 20, 30, 11, 2, 4
2021/11/7, 39, 26, 25, 8, 2, 4
2021/11/8, 55, 36, 29, 14, 3, 4
2021/11/9, 71, 42, 30, 19, 4, 4
2021/11/10, 78, 48, 28, 25, 4, 6
2021/11/11, 91, 43, 23, 31, 4, 7
2021/11/12, 92, 60, 31, 35, 5, 7
2021/11/13, 135, 58, 38, 32, 3, 5
2021/11/14, 128, 63, 58, 35, 4, 4
2021/11/15, 143, 54, 52, 36, 3, 2
2021/11/16, 112, 54, 35, 34, 3, 4
2021/11/17, 121, 25, 31, 19, 2, 2
2021/11/18, 66, 38, 35, 28, 2, 2
2021/11/19, 79, 43, 44, 26, 2, 2
2021/11/20, 82, 41, 24, 22, 2, 4
2021/11/21, 100, 63, 20, 13, 2, 4
2021/11/22, 100, 61, 16, 20, 3, 4
2021/11/23, 80, 60, 20, 32, 4, 6
2021/11/24, 108, 57, 25, 34, 4, 6
2021/11/25, 109, 74, 26, 41, 4, 11
2021/11/26, 156, 47, 35, 27, 3, 5
2021/11/27, 89, 28, 27, 21, 3, 3
2021/11/28, 40, 24, 19, 22, 2, 3
2021/11/29, 49, 46, 24, 14, 2, 4
2021/11/30, 110, 35, 19, 16, 3, 5
2021/12/1, 69, 37, 20, 26, 4, 5
2021/12/2, 86, 59, 22, 31, 5, 6
2021/12/3, 121, 64, 19, 37, 4, 8
2021/12/4, 144, 32, 33, 28, 2, 4
2021/12/5, 66, 38, 38, 32, 3, 5
2021/12/6, 96, 51, 46, 30, 3, 6
2021/12/7, 127, 47, 31, 25, 2, 5
2021/12/8, 113, 54, 26, 40, 3, 6
2021/12/9, 122, 77, 32, 40, 4, 9
2021/12/10, 173, 65, 38, 28, 2, 7
2021/12/11, 153, 52, 31, 17, 2, 7
2021/12/12, 130, 37, 21, 22, 3, 6
2021/12/13, 72, 50, 11, 36, 3, 7
2021/12/14, 114, 57, 5, 37, 3, 10
2021/12/15, 146, 38, 16, 30, 2, 9
2021/12/16, 109, 67, 25, 16, 3, 8
2021/12/17, 114, 41, 23, 20, 2, 7
2021/12/18, 83, 52, 23, 32, 2, 8
2021/12/19, 132, 53, 35, 37, 2, 7
2021/12/20, 135, 66, 12, 50, 3, 10
2021/12/21, 157, 69, 25, 46, 1, 12
2021/12/22, 160, 40, 23, 32, 1, 8
2021/12/23, 87, 32, 25, 23, 1, 7
2021/12/24, 65, 19, 25, 8, , 7
2021/12/25, 53, 26, 22, 10, 2, 10
2021/12/26, 74, 33, 18, 25, 3, 9
2021/12/27, 78, 54, 5, 36, 5, 10
2021/12/28, 130, 59, 26, 29, 5, 10
2021/12/29, 144, 68, 13, 40, 5, 14
2021/12/30, 159, 59, 22, 32, 4, 12
2021/12/31, 133, 32, 21, 25, 1, 6
2022/1/1, 71, 67, 32, 33, 2, 11
2022/1/2, 162, 63, 41, 35, 1, 10
2021/7/1, 63, 22, 29, 11, 2, 4
2021/7/2, 71, 28, 39, 9, 2, 4
2021/7/3, 82, 33, 27, 10, 2, 5
2021/7/4, 94, 36, 75, 8, 2, 5
2021/7/5, 88, 23, 45, 8, 2, 4
2021/7/6, 50, 26, 63, 7, 2, 4
2021/7/7, 61, 29, 44, 12, 3, 6
2021/7/8, 70, 23, 62, 9, 3, 6
2021/7/9, 66, 19, 61, 9, 2, 6
2021/7/10, 52, 44, 97, 12, 3, 5
2021/7/11, 105, 39, 83, 9, 3, 4
2021/7/12, 97, 37, 78, 9, 3, 4
2021/7/13, 82, 27, 73, 7, 3, 3
2021/7/14, 62, 18, 51, 7, 2, 3
2021/7/15, 44, 15, 36, 6, 2, 3
2021/7/16, 31, 17, 38, 5, 2, 2
2021/7/17, 40, 17, 41, 5, 2, 2
2021/7/18, 49, 16, 30, 6, 2, 2
2021/7/19, 45, 21, 20, 5, 2, 2
2021/7/20, 38, 21, 29, 5, 2, 2
2021/7/21, 39, 24, 28, 5, 2, 3
2021/7/22, 43, 22, 24, 4, 2, 2
2021/7/23, 36, 13, 15, 3, 2, 3
2021/7/24, 25, 6, 23, 1, 2, 3
2021/7/25, 19, 3, 20, 5, , 3
2021/7/26, 10, 12, 30, 6, 1, 2
2021/7/27, 38, 16, 32, 6, , 1
2021/7/28, 44, 25, 53, 11, 1, 2
2021/7/29, 68, 28, 77, 13, 1, 3
2021/7/30, 76, 36, 53, 10, 1, 2
2021/7/31, 103, 25, 46, 12, 1, 3
2021/8/1, 72, 16, 27, 8, 1, 2
2021/8/2, 46, 15, 19, 8, , 2
2021/8/3, 31, 19, 22, 6, , 2
2021/8/4, 37, 19, 16, 6, , 2
2021/8/5, 31, 21, 17, 7, 1, 2
2021/8/6, 40, 20, 32, 8, 1, 2
2021/8/7, 49, 22, 47, 8, 1, 3
2021/8/8, 46, 38, 89, 12, 1, 4
2021/8/9, 80, 22, 51, 9, 1, 3
2021/8/10, 64, 17, 30, 12, 1, 4
2021/8/11, 54, 21, 37, 17, 1, 5
2021/8/12, 63, 12, 25, 11, 1, 3
2021/8/13, 36, 10, 37, 11, 1, 4
2021/8/14, 35, 12, 31, 11, 1, 4
2021/8/15, 41, 15, 34, 8, , 4
2021/8/16, 52, 19, 38, 12, 1, 4
2021/8/17, 57, 27, 67, 14, 1, 5
2021/8/18, 67, 25, 73, 11, 1, 5
2021/8/19, 68, 27, 66, 8, 2, 5
2021/8/20, 68, 31, 49, 10, 2, 6
2021/8/21, 78, 21, 63, 8, 1, 4
2021/8/22, 64, 25, 73, 8, 1, 2
2021/8/23, 54, 38, 54, 11, 2, 4
2021/8/24, 89, 33, 69, 13, 1, 5
2021/8/25, 84, 42, 86, 15, 1, 4
2021/8/26, 97, 31, 75, 10, 1, 4
2021/8/27, 82, 44, 92, 12, 2, 4
2021/8/28, 112, 23, 46, 10, 2, 2
2021/8/29, 59, 19, 57, 7, 2, 4
2021/8/30, 43, 20, 50, 8, 1, 4
2021/8/31, 46, 41, 94, 10, 1, 5
2021/9/1, 89, 31, 52, 12, 1, 6
2021/9/2, 81, 23, 36, 12, 2, 8
2021/9/3, 62, 15, 39, 10, 1, 4
2021/9/4, 38, 25, 62, 9, 2, 4
2021/9/5, 60, 46, 73, 14, 2, 8
2021/9/6, 123, 35, 52, 11, 2, 7
2021/9/7, 85, 23, 35, 15, 2, 5
2021/9/8, 42, 20, 52, 12, 1, 5
2021/9/9, 43, 19, 28, 13, 1, 5
2021/9/10, 52, 17, 18, 15, 2, 4
2021/9/11, 34, 9, 18, 8, 1, 3
2021/9/12, 12, 4, 13, 4, 1, 2
2021/9/13, 8, 17, 37, 5, 2, 3
2021/9/14, 39, 26, 33, 7, 1, 5
2021/9/15, 51, 22, 38, 10, 2, 4
2021/9/16, 41, 35, 58, 15, 2, 5
2021/9/17, 69, 36, 59, 20, 2, 5
2021/9/18, 64, 34, 73, 11, 2, 4
2021/9/19, 80, 29, 61, 8, 2, 5
2021/9/20, 74, 30, 79, 10, 2, 7
2021/9/21, 80, 42, 67, 16, 3, 8
2021/9/22, 108, 45, 69, 17, 3, 6
2021/9/23, 81, 35, 58, 12, 2, 5
2021/9/24, 78, 24, 50, 13, 2, 4
2021/9/25, 45, 25, 52, 13, 2, 4
2021/9/26, 49, 39, 61, 10, 2, 4
2021/9/27, 82, 41, 103, 11, 3, 5
2021/9/28, 90, 36, 91, 13, 3, 6
2021/9/29, 87, 17, 49, 12, 2, 4
2021/9/30, 42, 24, 74, 14, 2, 4
2021/4/1, 96, 53, 18, 22, 1, 8
2021/4/2, 136, 45, 26, 18, 1, 6
2021/4/3, 118, 36, 42, 9, 1, 3
2021/4/4, 72, 36, 42, 14, 2, 3
2021/4/5, 64, 32, 34, 17, 2, 2
2021/4/6, 65, 33, 32, 24, 1, 3
2021/4/7, 69, 35, 47, 19, 1, 3
2021/4/8, 89, 38, 37, 18, 1, 4
2021/4/9, 83, 42, 46, 18, 1, 3
2021/4/10, 69, 24, 31, 15, , 3
2021/4/11, 54, 21, 23, 15, , 5
2021/4/12, 63, 52, 48, 17, 1, 7
2021/4/13, 133, 27, 32, 17, 2, 3
2021/4/14, 54, 32, 35, 17, 1, 3
2021/4/15, 47, 54, 82, 21, 2, 6
2021/4/16, 130, 107, 42, 20, 1, 6
2021/4/17, 146, 51, 48, 16, 1, 4
2021/4/18, 64, 41, 66, 15, 1, 4
2021/4/19, 62, 31, 57, 12, 1, 4
2021/4/20, 56, 38, 50, 9, 1, 4
2021/4/21, 60, 39, 36, 12, 1, 3
2021/4/22, 68, 55, 35, 20, 1, 7
2021/4/23, 144, 41, 13, 20, 1, 7
2021/4/24, 110, 44, 27, 17, 2, 3
2021/4/25, 84, 33, 44, 14, 3, 3
2021/4/26, 67, 38, 28, 17, 1, 4
2021/4/27, 94, 58, 66, 20, 1, 7
2021/4/28, 152, 66, 56, 19, 1, 5
2021/4/29, 120, 68, 64, 19, 2, 4
2021/4/30, 89, 43, 47, 11, 1, 4
2021/5/1, 70, 35, 42, 12, 1, 3
2021/5/2, 64, 41, 57, 9, 1, 4
2021/5/3, 61, 24, 31, 8, 1, 5
2021/5/4, 60, 58, 85, 12, 2, 7
2021/5/5, 131, 53, 64, 15, 2, 5
2021/5/6, 63, 126, 63, 17, 1, 6
2021/5/7, 110, 108, 83, 15, 2, 7
2021/5/8, 148, 58, 79, 18, 2, 7
2021/5/9, 129, 35, 89, 13, 2, 6
2021/5/10, 76, 42, 28, 18, 1, 9
2021/5/11, 119, 30, 30, 15, 1, 5
2021/5/12, 82, 21, 27, 12, 1, 5
2021/5/13, 69, 27, 51, 13, 1, 6
2021/5/14, 82, 34, 58, 12, 1, 5
2021/5/15, 87, 21, 38, 10, 1, 4
2021/5/16, 63, 33, 63, 12, 1, 5
2021/5/17, 97, 28, 43, 15, 1, 4
2021/5/18, 76, 13, 38, 12, 1, 3
2021/5/19, 47, 24, 36, 13, 1, 5
2021/5/20, 71, 36, 54, 17, 1, 4
2021/5/21, 103, 20, 57, 10, 1, 3
2021/5/22, 62, 13, 41, 10, 1, 4
2021/5/23, 45, 33, 99, 12, 3, 5
2021/5/24, 93, 69, 103, 17, 4, 6
2021/5/25, 149, 34, 35, 20, 3, 5
2021/5/26, 91, 38, 68, 11, 2, 6
2021/5/27, 99, 45, 49, 14, 3, 6
2021/5/28, 98, 51, 89, 16, 3, 4
2021/5/29, 81, 40, 85, 13, 3, 4
2021/5/30, 80, 32, 69, 9, 3, 3
2021/5/31, 63, 22, 43, 7, 2, 3
2021/6/1, 48, 20, 33, 10, , 3
2021/6/2, 45, 48, 44, 13, 2, 5
2021/6/3, 123, 33, 70, 10, 2, 4
2021/6/4, 96, 40, 94, 12, 3, 4
2021/6/5, 93, 39, 105, 12, 3, 4
2021/6/6, 86, 24, 61, 12, 2, 3
2021/6/7, 52, 19, 49, 10, 2, 3
2021/6/8, 55, 21, 35, 10, 2, 2
2021/6/9, 60, 15, 31, 8, 2, 3
2021/6/10, 47, 32, 64, 14, 2, 4
2021/6/11, 91, 24, 43, 10, 2, 3
2021/6/12, 69, 28, 32, 11, 2, 3
2021/6/13, 84, 37, 47, 12, 2, 3
2021/6/14, 105, 34, 42, 11, 2, 4
2021/6/15, 87, 21, 37, 9, 2, 4
2021/6/16, 61, 25, 30, 12, 2, 3
2021/6/17, 75, 50, 30, 16, 2, 7
2021/6/18, 135, 13, 33, 13, 2, 3
2021/6/19, 46, 24, 44, 13, 2, 3
2021/6/20, 72, 36, 68, 12, 2, 3
2021/6/21, 88, 38, 56, 9, 2, 3
2021/6/22, 89, 39, 72, 14, 3, 3
2021/6/23, 89, 37, 63, 12, 3, 3
2021/6/24, 85, 25, 54, 7, 2, 3
2021/6/25, 62, 13, 34, 8, 2, 3
2021/6/26, 42, 16, 29, 10, 2, 4
2021/6/27, 56, 18, 34, 8, 2, 3
2021/6/28, 53, 17, 39, 8, 2, 3
2021/6/29, 56, 21, 34, 9, , 3
2021/6/30, 63, 21, 38, 7, 2, 3
2021/1/4, 68, 42, 22, 17, 3, 5
2021/1/5, 99, 42, 18, 19, 3, 3
2021/1/6, 93, 66, 19, 10, 3, 2
2021/1/7, 77, 45, 20, 11, 4, 3
2021/1/8, 69, 51, 20, 22, 4, 4
2021/1/9, 87, 62, 17, 29, 7, 7
2021/1/10, 130, 68, 18, 28, 7, 7
2021/1/11, 145, 87, 23, 25, 5, 3
2021/1/12, 111, 75, 6, 35, 5, 4
2021/1/13, 123, 68, , 39, 5, 4
2021/1/14, 137, 67, 23, 28, 5, 4
2021/1/15, 124, 66, 16, 11, 2, 2
2021/1/16, 85, 57, 21, 18, 3, 4
2021/1/17, 98, 79, 25, 32, 4, 6
2021/1/18, 147, 67, 34, 30, 3, 5
2021/1/19, 119, 28, 27, 20, 2, 3
2021/1/20, 56, 35, 11, 27, 2, 4
2021/1/21, 90, 39, 21, 25, 2, 6
2021/1/22, 117, 23, 25, 17, 2, 6
2021/1/23, 116, 68, , 22, 2, 8
2021/1/24, 162, 29, 26, 24, 5, 3
2021/1/25, 72, 23, , 26, 2, 12
2021/1/26, 102, 54, 32, 16, 3, 8
2021/1/27, 130, 88, 24, 16, 2, 8
2021/1/28, 151, 62, 26, 14, 3, 5
2021/1/29, 65, 58, , 18, 3, 6
2021/1/30, 80, 34, , 21, 3, 6
2021/1/31, 69, 54, 11, 31, 2, 10
2021/2/1, 140, 65, 2, 16, 2, 7
2021/2/2, 118, 59, , 21, 2, 4
2021/2/3, 79, 59, 35, 19, 3, 6
2021/2/4, 124, 44, 23, 20, 2, 6
2021/2/5, 100, 56, 32, 16, 2, 7
2021/2/6, 136, 62, 44, 26, 3, 8
2021/2/7, 148, 38, 32, 9, 2, 4
2021/2/8, 74, 21, 29, 10, 2, 2
2021/2/9, 49, 20, 27, 9, 2, 2
2021/2/10, 49, 16, 21, 13, 2, 3
2021/2/11, 58, 28, 40, 10, 3, 3
2021/2/12, 77, 32, 38, 11, 4, 3
2021/2/13, 78, 37, 32, 10, 2, 4
2021/2/14, 103, 43, 23, 8, 2, 5
2021/2/15, 114, 35, 35, 10, 2, 4
2021/2/16, 79, 37, 34, 6, 1, 4
2021/2/17, 72, 31, 25, 13, 1, 5
2021/2/18, 68, 41, , 16, 2, 6
2021/2/19, 104, 38, 28, 14, 1, 5
2021/2/20, 89, 38, 50, 15, 2, 5
2021/2/21, 84, 60, 53, 19, 2, 7
2021/2/22, 115, 33, 35, 8, , 3
2021/2/23, 48, 32, 26, 11, 1, 2
2021/2/24, 48, 49, , 13, 1, 5
2021/2/25, 72, 15, 32, 11, , 4
2021/2/26, 48, 21, 32, 10, , 2
2021/2/27, 53, 13, 23, 13, 1, 2
2021/2/28, 54, 26, 19, 15, 1, 4
2021/3/1, 72, 40, 28, 13, 1, 5
2021/3/2, 83, 42, 33, 15, , 3
2021/3/3, 54, 46, 32, 20, , 5
2021/3/4, 107, 41, 26, 25, , 4
2021/3/5, 115, 36, , 15, 1, 4
2021/3/6, 80, 24, , 12, , 4
2021/3/7, 60, 36, 30, 17, 1, 4
2021/3/8, 87, 34, 22, 27, 1, 4
2021/3/9, 84, 46, 44, 24, 1, 4
2021/3/10, 110, 50, 21, 22, , 4
2021/3/11, 124, 41, , 19, , 5
2021/3/12, 121, 54, 43, 28, 2, 4
2021/3/13, 145, 61, 55, 20, 1, 4
2021/3/14, 144, 50, , 21, 1, 5
2021/3/15, 112, 52, 34, 20, , 6
2021/3/16, 112, 67, 25, 27, 1, 4
2021/3/17, 64, 55, 19, 21, , 4
2021/3/18, 71, 39, 17, 25, , 4
2021/3/19, 74, 37, 25, 18, , 6
2021/3/20, 100, 80, 32, 15, 2, 6
2021/3/21, 138, 51, 34, 22, 2, 5
2021/3/22, 80, 55, 56, 25, 2, 5
2021/3/23, 116, 29, 37, 20, 1, 3
2021/3/24, 73, 50, 64, 25, 2, 2
2021/3/25, 109, 36, 43, 19, 1, 1
2021/3/26, 84, 26, 25, 15, 1, 3
2021/3/27, 79, 76, 60, 17, 1, 4
2021/3/28, 146, 62, 64, 19, 1, 4
2021/3/29, 134, 221, 36, 17, 1, 2
2021/3/30, 141, 120, 27, 20, , 3
2021/3/31, 122, 36, 17, 24, , 5
2020/10/1, 89, 26, 69, 9, 2, 4
2020/10/2, 67, 22, 31, 10, 2, 3
2020/10/3, 47, 18, 34, 8, 2, 4
2020/10/4, 35, 33, 33, 9, 2, 4
2020/10/5, 43, 26, 34, 10, 3, 3
2020/10/6, 43, 22, 36, 10, 2, 3
2020/10/7, 37, 29, 49, 11, 2, 3
2020/10/8, 48, 31, 46, 14, 2, 4
2020/10/9, 53, 35, 47, 19, 3, 4
2020/10/10, 63, 33, 59, 16, 2, 4
2020/10/11, 66, 33, 46, 17, 2, 4
2020/10/12, 68, 39, 42, 17, 3, 5
2020/10/13, 81, 29, 44, 14, 3, 4
2020/10/14, 37, 30, 35, 10, 2, 5
2020/10/15, 43, 18, 24, 18, 2, 6
2020/10/16, 61, 31, 44, 16, 3, 7
2020/10/17, 84, 35, 46, 19, 3, 7
2020/10/18, 75, 28, 35, 23, 3, 5
2020/10/19, 58, 34, 49, 22, 3, 3
2020/10/20, 69, 48, 31, 32, 3, 5
2020/10/21, 108, 66, 49, 23, 4, 8
2020/10/22, 142, 78, 39, 20, 4, 4
2020/10/23, 79, 40, 34, 23, 3, 4
2020/10/24, 65, 32, 43, 25, 3, 3
2020/10/25, 59, 31, 39, 22, 2, 3
2020/10/26, 60, 28, 36, 19, 3, 3
2020/10/27, 70, 33, 33, 22, 3, 3
2020/10/28, 70, 38, 32, 14, 3, 3
2020/10/29, 61, 34, 34, 23, 3, 3
2020/10/30, 56, 38, 46, 23, 3, 3
2020/10/31, 63, 52, 40, 27, 4, 5
2020/11/1, 112, 71, 55, 20, 3, 7
2020/11/2, 154, 57, 34, 16, 3, 3
2020/11/3, 77, 34, 26, 20, 3, 3
2020/11/4, 49, 28, 34, 20, 2, 2
2020/11/5, 43, 45, 44, 28, 4, 5
2020/11/6, 96, 73, 56, 34, 6, 10
2020/11/7, 163, 85, 46, 21, 5, 6
2020/11/8, 124, 63, 31, 18, 2, 4
2020/11/9, 62, 48, 30, 27, 2, 5
2020/11/10, 69, 39, 32, 27, 1, 5
2020/11/11, 63, 32, 32, 26, 1, 4
2020/11/12, 62, 27, 32, 27, 1, 4
2020/11/13, 64, 43, 40, 26, 2, 4
2020/11/14, 84, 43, 38, 23, 2, 4
2020/11/15, 95, 36, 22, 26, 1, 4
2020/11/16, 74, 26, 24, 17, 1, 4
2020/11/17, 49, 31, 35, 12, 2, 4
2020/11/18, 47, 42, 28, 19, 2, 9
2020/11/19, 98, 41, 25, 15, 1, 8
2020/11/20, 104, 27, 22, 14, 1, 4
2020/11/21, 41, 15, 19, 13, 1, 6
2020/11/22, 49, 29, 15, 14, 1, 5
2020/11/23, 70, 17, 14, 18, 1, 4
2020/11/24, 60, 14, 11, 22, 1, 5
2020/11/25, 48, 16, 18, 20, 1, 8
2020/11/26, 54, 23, 18, 14, 1, 5
2020/11/27, 70, 32, 22, 13, 1, 4
2020/11/28, 74, 31, 23, 16, 2, 4
2020/11/29, 78, 51, 28, 19, 2, 6
2020/11/30, 139, 34, 26, 19, 1, 5
2020/12/1, 84, 28, 16, 22, 1, 4
2020/12/2, 54, 49, 23, 17, 2, 8
2020/12/3, 132, 37, 16, 22, 3, 7
2020/12/4, 93, 40, 15, 30, 2, 5
2020/12/5, 89, 42, 20, 30, 1, 5
2020/12/6, 85, 40, 22, 22, 1, 5
2020/12/7, 102, 55, 23, 20, 2, 5
2020/12/8, 132, 29, 27, 26, 2, 4
2020/12/9, 70, 62, 9, 32, 3, 8
2020/12/10, 140, 82, 2, 29, 2, 12
2020/12/11, 178, 110, 29, 34, 3, 14
2020/12/12, 211, 94, 38, 31, 3, 12
2020/12/13, 186, 21, 19, 12, 1, 4
2020/12/14, 58, 26, 19, 16, 2, 3
2020/12/15, 68, 41, 19, 21, 3, 5
2020/12/16, 107, 40, 17, 26, 2, 4
2020/12/17, 100, 46, 18, 25, 2, 4
2020/12/18, 125, 45, 26, 21, 3, 5
2020/12/19, 111, 28, 21, 22, 2, 3
2020/12/20, 64, 45, 18, 35, 3, 7
2020/12/21, 107, 58, 24, 41, 2, 6
2020/12/22, 153, 55, 15, 38, 2, 5
2020/12/23, 142, 80, 33, 36, 4, 8
2020/12/24, 163, 63, 22, 33, 3, 3
2020/12/25, 96, 34, 20, 26, 1, 2
2020/12/26, 62, 50, 12, 34, 3, 6
2020/12/27, 126, 66, 31, 32, 2, 10
2020/12/28, 143, 26, 17, 25, 1, 7
2020/12/29, 67, 41, 21, 7, 2, 7
2020/12/30, 63, 51, 20, 13, 3, 9
2020/12/31, 89, 45, 20, 20, 3, 6
2021/1/1, 98, 52, 17, 28, 3, 7
2021/1/2, 129, 46, 26, 22, 1, 4
2021/1/3, 103, 37, 22, 22, 2, 3
2020/7/1, 60, 17, 37, 10, 2, 6
2020/7/2, 46, 14, 39, 10, 2, 6
2020/7/3, 49, 17, 40, 9, 2, 5
2020/7/4, 59, 35, 23, 16, 2, 3
2020/7/5, 101, 23, 15, 19, 2, 3
2020/7/6, 71, 22, 55, 9, 2, 4
2020/7/7, 65, 21, 42, 12, 2, 3
2020/7/8, 66, 19, 18, 16, 2, 4
2020/7/9, 63, 26, 21, 14, 2, 5
2020/7/10, 77, 33, 23, 16, 2, 4
2020/7/11, 96, 44, 80, 12, 2, 4
2020/7/12, 106, 28, 27, 13, 2, 6
2020/7/13, 68, 33, 39, 12, 2, 6
2020/7/14, 96, 15, 35, 16, 2, 4
2020/7/15, 52, 16, 33, 15, 2, 5
2020/7/16, 54, 21, 23, 17, , 4
2020/7/17, 67, 41, 56, 14, 2, 6
2020/7/18, 108, 39, 61, 12, 2, 7
2020/7/19, 98, 29, 16, 19, 2, 9
2020/7/20, 86, 48, 83, 14, 2, 6
2020/7/21, 134, 44, 89, 15, 2, 6
2020/7/22, 113, 36, 73, 13, 2, 5
2020/7/23, 76, 34, 58, 12, 2, 7
2020/7/24, 90, 49, 103, 15, 3, 7
2020/7/25, 127, 52, 104, 15, 2, 7
2020/7/26, 129, 37, 54, 12, 2, 5
2020/7/27, 97, 43, 91, 17, 2, 5
2020/7/28, 114, 22, 69, 12, 3, 3
2020/7/29, 59, 15, 37, 8, 2, 3
2020/7/30, 38, 20, 24, 9, 2, 3
2020/7/31, 36, 19, 41, 8, 2, 3
2020/8/1, 39, 24, 44, 9, 3, 3
2020/8/2, 51, 18, 26, 5, 2, 3
2020/8/3, 44, 17, 20, 4, 1, 4
2020/8/4, 30, 14, 28, 6, 2, 5
2020/8/5, 36, 27, 61, 10, 2, 6
2020/8/6, 65, 35, 61, 12, 2, 6
2020/8/7, 77, 28, 56, 9, 2, 5
2020/8/8, 63, 36, 73, 7, 2, 6
2020/8/9, 80, 30, 53, 14, 2, 5
2020/8/10, 72, 27, 55, 13, 2, 3
2020/8/11, 58, 26, 50, 11, 2, 3
2020/8/12, 53, 31, 74, 11, 3, 4
2020/8/13, 67, 40, 84, 15, 3, 4
2020/8/14, 84, 24, 67, 11, 2, 3
2020/8/15, 56, 26, 66, 9, 2, 3
2020/8/16, 59, 33, 48, 8, 3, 3
2020/8/17, 77, 40, 45, 7, 2, 6
2020/8/18, 84, 31, 52, 7, 2, 3
2020/8/19, 74, 33, 58, 10, 2, 2
2020/8/20, 79, 26, 43, 7, 2, 1
2020/8/21, 71, 29, 37, 8, 2, 1
2020/8/22, 74, 28, 33, 8, 2, 1
2020/8/23, 70, 22, 34, 10, 2, 2
2020/8/24, 58, 25, 63, 10, 2, 4
2020/8/25, 52, 33, 71, 7, 2, 5
2020/8/26, 71, 33, 67, 8, 2, 5
2020/8/27, 90, 17, 38, 10, 2, 5
2020/8/28, 60, 23, 31, 14, 2, 5
2020/8/29, 73, 33, 35, 13, 2, 4
2020/8/30, 93, 17, 28, 8, 2, 2
2020/8/31, 53, 21, 31, 7, 2, 3
2020/9/1, 55, 24, 35, 7, 2, 4
2020/9/2, 62, 44, 98, 15, 3, 7
2020/9/3, 99, 48, 104, 19, 3, 6
2020/9/4, 106, 29, 77, 15, 2, 4
2020/9/5, 65, 37, 71, 12, 2, 5
2020/9/6, 72, 58, 123, 14, 4, 8
2020/9/7, 125, 53, 112, 20, 4, 7
2020/9/8, 114, 33, 111, 11, 3, 5
2020/9/9, 80, 31, 67, 12, 2, 5
2020/9/10, 78, 27, 34, 16, 2, 6
2020/9/11, 83, 23, 43, 13, 2, 6
2020/9/12, 69, 32, 59, 19, 2, 5
2020/9/13, 83, 23, 29, 17, 2, 5
2020/9/14, 73, 22, 26, 20, 2, 6
2020/9/15, 71, 38, 37, 17, 2, 9
2020/9/16, 107, 24, 38, 13, 2, 8
2020/9/17, 76, 22, 30, 18, 2, 7
2020/9/18, 67, 60, 26, 24, 4, 10
2020/9/19, 157, 38, 50, 27, 3, 8
2020/9/20, 95, 33, 45, 24, 2, 5
2020/9/21, 74, 30, 29, 31, 2, 4
2020/9/22, 60, 19, 23, 20, 2, 4
2020/9/23, 51, 29, 45, 20, 2, 4
2020/9/24, 68, 30, 40, 21, 2, 4
2020/9/25, 59, 30, 41, 20, 2, 4
2020/9/26, 56, 28, 39, 18, 2, 3
2020/9/27, 50, 25, 40, 15, 2, 3
2020/9/28, 43, 27, 37, 20, 3, 3
2020/9/29, 48, 31, 45, 19, 2, 4
2020/9/30, 58, 38, 69, 12, 2, 5
2020/4/1, 112, 41, 37, 16, 3, 3
2020/4/2, 71, 43, 38, 15, 3, 2
2020/4/3, 86, 55, 60, 19, 3, 3
2020/4/4, 125, 39, 41, 9, 3, 2
2020/4/5, 51, 36, 30, 14, 2, 2
2020/4/6, 61, 38, 28, 22, 3, 3
2020/4/7, 83, 38, 62, 23, 3, 2
2020/4/8, 85, 55, 76, 20, 3, 3
2020/4/9, 133, 39, 51, 10, 2, 2
2020/4/10, 80, 25, 33, 10, 2, 3
2020/4/11, 70, 48, 49, 10, 3, 5
2020/4/12, 126, 60, 68, 17, 3, 5
2020/4/13, 139, 60, 93, 21, 3, 5
2020/4/14, 153, 50, 66, 22, 4, 5
2020/4/15, 118, 49, 77, 20, 3, 5
2020/4/16, 106, 58, 38, 20, 4, 7
2020/4/17, 126, 60, 47, 14, 3, 7
2020/4/18, 113, 30, 44, 5, 2, 6
2020/4/19, 89, 42, 86, 8, 2, 6
2020/4/20, 116, 32, 39, 11, 2, 3
2020/4/21, 76, 36, 61, 10, 2, 3
2020/4/22, 83, 44, 49, 9, 3, 3
2020/4/23, 78, 52, 72, 18, 5, 4
2020/4/24, 107, 58, 75, 21, 4, 5
2020/4/25, 119, 63, 54, 15, 3, 5
2020/4/26, 118, 35, 42, 12, 2, 3
2020/4/27, 70, 29, 51, 15, 2, 3
2020/4/28, 67, 34, 75, 10, 3, 3
2020/4/29, 71, 46, 104, 13, 4, 5
2020/4/30, 105, , , , , 
2020/6/16, 73, 59, 87, 12, 2, 4
2020/6/17, 131, 25, 39, 12, 2, 5
2020/6/18, 70, 21, 66, 9, 2, 4
2020/6/19, 65, 32, 45, 12, 2, 4
2020/6/20, 96, 11, 31, 11, , 3
2020/6/21, 42, 14, 31, 12, 2, 3
2020/6/22, 46, 22, 43, 11, 2, 4
2020/6/23, 70, 27, 39, 15, 2, 6
2020/6/24, 81, 35, 37, 13, 2, 6
2020/6/25, 100, 31, 64, 11, 2, 5
2020/6/26, 91, 20, 24, 11, 2, 4
2020/6/27, 67, 23, 30, 15, , 4
2020/6/28, 73, 26, 35, 10, 2, 5
2020/6/29, 79, 32, 111, 12, 3, 8
2020/6/30, 90, 21, 58, 11, 2, 5
2020/1/1, 59, 29, 9, 25, 2, 5
2020/1/2, 82, 48, 1, 25, 2, 8
2020/1/3, 129, 50, 12, 23, 2, 7
2020/1/4, 131, 41, 24, 17, 2, 6
2020/1/5, 105, 22, 28, 17, 2, 6
2020/1/6, 63, 33, 12, 21, 2, 11
2020/1/7, 92, 44, 14, 18, 2, 10
2020/1/8, 122, 37, 15, 21, 2, 8
2020/1/9, 106, 16, 15, 17, 1, 6
2020/1/10, 54, 28, 19, 14, 1, 7
2020/1/11, 84, 79, 27, 18, 3, 12
2020/1/12, 175, 82, 24, 26, 3, 13
2020/1/13, 178, 94, 24, 26, 3, 14
2020/1/14, 193, 42, 19, 22, 2, 8
2020/1/15, 118, 10, 23, 12, 1, 6
2020/1/16, 38, 39, 17, 13, 1, 8
2020/1/17, 110, 56, 18, 12, 2, 6
2020/1/18, 145, 60, 27, 19, 2, 7
2020/1/19, 157, 82, 42, 29, 4, 10
2020/1/20, 180, 79, 44, 17, 2, 9
2020/1/21, 176, 61, 29, 14, 2, 9
2020/1/22, 158, 31, 24, 11, , 6
2020/1/23, 88, 42, 35, 7, 2, 5
2020/1/24, 107, 16, 25, 5, , 3
2020/1/25, 47, 13, 29, 5, , 4
2020/1/26, 45, 22, 29, 4, 1, 5
2020/1/27, 70, 59, 37, 6, 2, 8
2020/1/28, 152, 58, 36, 6, 3, 5
2020/1/29, 154, 66, 35, 7, 3, 8
2020/1/30, 163, 55, 36, 11, 4, 7
2020/1/31, 137, 26, 34, 11, 2, 3
2020/2/1, 81, 32, 36, 9, 2, 3
2020/2/2, 95, 56, 39, 11, 2, 5
2020/2/3, 145, 22, 34, 9, 2, 2
2020/2/4, 69, 30, 34, 10, 2, 3
2020/2/5, 83, 18, 26, 5, 2, 2
2020/2/6, 57, 20, 26, 5, 2, 3
2020/2/7, 65, 35, 28, 6, 2, 4
2020/2/8, 101, 59, 35, 9, 2, 6
2020/2/9, 154, 45, 39, 8, 4, 4
2020/2/10, 122, 27, 31, 7, 2, 4
2020/2/11, 81, 41, 26, 10, 2, 5
2020/2/12, 114, 43, 26, 10, 2, 5
2020/2/13, 121, 17, 24, 9, 2, 4
2020/2/14, 60, 10, 18, 7, 2, 5
2020/2/15, 40, 31, 31, 4, 2, 4
2020/2/16, 73, 23, 33, 5, 2, 4
2020/2/17, 58, 23, 32, 10, 2, 4
2020/2/18, 72, 20, 37, 11, 2, 3
2020/2/19, 65, 20, 33, 13, 2, 3
2020/2/20, 62, 26, 33, 11, 2, 3
2020/2/21, 82, 70, 43, 11, 3, 5
2020/2/22, 148, 52, 40, 11, 2, 4
2020/2/23, 101, 57, 44, 11, 2, 5
2020/2/24, 114, 50, 37, 12, 2, 6
2020/2/25, 117, 35, 26, 9, 2, 6
2020/2/26, 90, 41, 34, 8, 2, 4
2020/2/27, 90, 38, 26, 11, 2, 6
2020/2/28, 95, 27, 22, 12, 2, 6
2020/2/29, 83, 18, 26, 8, , 4
2020/3/1, 62, 27, 31, 7, 2, 5
2020/3/2, 81, 29, 27, 11, 2, 2
2020/3/3, 72, 34, 33, 11, 2, 4
2020/3/4, 94, 28, 38, 10, 2, 3
2020/3/5, 77, 29, 40, 14, 2, 3
2020/3/6, 75, 58, 31, 17, 2, 5
2020/3/7, 144, 26, 37, 11, 2, 3
2020/3/8, 77, 13, 30, 12, 2, 3
2020/3/9, 49, 28, 34, 10, 2, 4
2020/3/10, 82, 59, 44, 21, 2, 6
2020/3/11, 154, 46, 36, 14, 2, 5
2020/3/12, 120, 30, 29, 13, 2, 4
2020/3/13, 85, 38, 34, 11, 2, 4
2020/3/14, 77, 54, 44, 22, 3, 5
2020/3/15, 113, 35, 32, 13, 3, 3
2020/3/16, 59, 41, 49, 16, 3, 4
2020/3/17, 88, 59, 63, 21, 4, 5
2020/3/18, 139, 59, 35, 18, 3, 5
2020/3/19, 102, 48, 44, 17, 3, 4
2020/3/20, 59, 51, 51, 18, 4, 5
2020/3/21, 102, 51, 38, 12, 2, 6
2020/3/22, 122, 23, 33, 14, 4, 4
2020/3/23, 48, 33, 42, 18, 2, 4
2020/3/24, 79, 33, 43, 11, 2, 5
2020/3/25, 70, 31, 19, 19, 2, 7
2020/3/26, 90, 29, 32, 8, 2, 5
2020/3/27, 50, 18, 28, 9, 2, 5
2020/3/28, 37, 25, 21, 12, 2, 5
2020/3/29, 39, 16, 26, 13, , 5
2020/3/30, 52, 23, 30, 16, 3, 3
2020/3/31, 64, 40, 45, 13, 3, 4
2019/10/1, 31, 15, 25, 6, 1, 3
2019/10/2, 40, 27, 45, 12, 2, 4
2019/10/3, 66, 34, 50, 12, 2, 4
2019/10/4, 93, 31, 43, 9, 2, 5
2019/10/5, 77, 24, 40, 9, 2, 3
2019/10/6, 34, 41, 27, 18, 2, 5
2019/10/7, 92, 42, 30, 18, 2, 9
2019/10/8, 118, 46, 37, 26, 3, 7
2019/10/9, 102, 28, 72, 17, 2, 4
2019/10/10, 55, 41, 31, 22, 2, 6
2019/10/11, 100, 41, 52, 13, 2, 5
2019/10/12, 93, 29, 45, 13, 2, 4
2019/10/13, 65, 29, 35, 13, 3, 4
2019/10/14, 63, 24, 33, 11, 1, 2
2019/10/15, 27, 32, 33, 18, 2, 4
2019/10/16, 54, 34, 43, 20, 2, 4
2019/10/17, 68, 32, 46, 20, 2, 4
2019/10/18, 67, 39, 59, 23, 2, 5
2019/10/19, 87, 41, 67, 21, 2, 6
2019/10/20, 107, 42, 45, 25, 2, 6
2019/10/21, 106, 34, 40, 26, 2, 5
2019/10/22, 77, 47, 45, 26, 2, 5
2019/10/23, 105, 39, 50, 23, 2, 5
2019/10/24, 81, 54, 60, 24, 2, 6
2019/10/25, 119, 33, 29, 16, 2, 5
2019/10/26, 75, 36, 19, 24, 2, 5
2019/10/27, 76, 53, 35, 28, 2, 7
2019/10/28, 143, 112, 44, 31, 4, 8
2019/10/29, 135, 125, 64, 30, 3, 6
2019/10/30, 123, 133, 80, 29, 3, 5
2019/10/31, 145, 78, 52, 39, 2, 5
2019/11/1, 126, 89, 80, 27, 3, 6
2019/11/2, 148, 55, 45, 16, 3, 6
2019/11/3, 113, 44, 44, 16, 2, 6
2019/11/4, 96, 36, 39, 20, 2, 3
2019/11/5, 67, 26, 35, 22, 2, 3
2019/11/6, 59, 39, 45, 22, 2, 4
2019/11/7, 88, 37, 38, 15, 2, 3
2019/11/8, 64, 30, 34, 26, 2, 3
2019/11/9, 64, 48, 63, 20, 3, 4
2019/11/10, 110, 72, 37, 31, 4, 5
2019/11/11, 124, 62, 31, 29, 2, 4
2019/11/12, 87, 61, 41, 23, 3, 5
2019/11/13, 127, 69, 29, 20, 2, 3
2019/11/14, 73, 49, 48, 17, 3, 3
2019/11/15, 63, 41, 53, 19, 2, 4
2019/11/16, 70, 43, 35, 20, 2, 5
2019/11/17, 81, 73, 27, 16, 2, 6
2019/11/18, 123, 102, 24, 21, 3, 6
2019/11/19, 104, 64, 28, 26, 2, 5
2019/11/20, 75, 37, 21, 29, 2, 5
2019/11/21, 54, 49, 16, 29, 2, 5
2019/11/22, 76, 30, 20, 20, 1, 3
2019/11/23, 65, 32, 32, 13, 1, 4
2019/11/24, 89, 28, 25, 10, 1, 2
2019/11/25, 39, 29, 15, 20, 2, 5
2019/11/26, 61, 19, 20, 17, 1, 5
2019/11/27, 63, 28, 25, 12, 1, 4
2019/11/28, 63, 34, 17, 20, 1, 5
2019/11/29, 64, 32, 9, 28, 1, 5
2019/11/30, 65, 25, 18, 14, 1, 7
2019/12/1, 78, 58, 26, 20, 3, 9
2019/12/2, 148, 73, 35, 32, 5, 10
2019/12/3, 169, 80, 23, 39, 5, 11
2019/12/4, 176, 60, 25, 30, 4, 9
2019/12/5, 144, 21, 31, 13, 2, 4
2019/12/6, 50, 40, 31, 29, 3, 6
2019/12/7, 105, 65, 36, 34, 3, 10
2019/12/8, 161, 76, 30, 43, 4, 8
2019/12/9, 172, 67, 32, 44, 4, 6
2019/12/10, 163, 84, 35, 37, 5, 9
2019/12/11, 180, 50, 26, 25, 3, 7
2019/12/12, 116, 46, 36, 31, 3, 5
2019/12/13, 101, 64, 29, 30, 3, 7
2019/12/14, 144, 32, 33, 16, 2, 4
2019/12/15, 72, 36, 35, 23, 2, 5
2019/12/16, 97, 61, 7, 26, 2, 10
2019/12/17, 152, 37, 18, 17, 1, 6
2019/12/18, 90, 29, 15, 19, 1, 4
2019/12/19, 84, 46, 14, 30, 1, 6
2019/12/20, 125, 32, 21, 27, 1, 5
2019/12/21, 97, 20, 23, 24, 1, 5
2019/12/22, 64, 36, 21, 26, 1, 6
2019/12/23, 97, 35, 21, 22, , 5
2019/12/24, 88, 30, 14, 29, 1, 5
2019/12/25, 77, 31, 20, 17, 1, 8
2019/12/26, 93, 60, 23, 24, 2, 9
2019/12/27, 155, 60, 30, 27, 3, 9
2019/12/28, 152, 40, 13, 25, 3, 7
2019/12/29, 110, , , , , 
2019/7/1, 60, 21, 47, 14, 2, 3
2019/7/2, 64, 26, 59, 11, 2, 4
2019/7/3, 77, 41, 53, 14, 2, 4
2019/7/4, 115, 40, 57, 12, 2, 4
2019/7/5, 112, 34, 57, 9, 2, 4
2019/7/6, 96, 27, 89, 9, 2, 5
2019/7/7, 79, 51, 106, 15, 3, 5
2019/7/8, 134, 15, 30, 11, 2, 3
2019/7/9, 55, 13, 32, 11, 1, 3
2019/7/10, 51, 32, 59, 15, 2, 4
2019/7/11, 94, 31, 32, 15, 2, 4
2019/7/12, 91, 10, 37, 14, 1, 4
2019/7/13, 37, 37, 84, 13, 2, 5
2019/7/14, 105, 23, 58, 12, 2, 4
2019/7/15, 68, 18, 29, 12, 1, 4
2019/7/16, 58, 21, 39, 9, 2, 3
2019/7/17, 64, 13, 20, 7, 2, 3
2019/7/18, 36, 13, 19, 8, 1, 3
2019/7/19, 35, 22, 47, 9, 2, 4
2019/7/20, 63, 41, 81, 11, 2, 4
2019/7/21, 101, 32, 67, 9, 2, 5
2019/7/22, 86, 30, 86, 9, 3, 4
2019/7/23, 72, 38, 70, 14, 2, 6
2019/7/24, 90, 41, 80, 13, 3, 6
2019/7/25, 97, 45, 81, 12, 3, 6
2019/7/26, 108, 51, 68, 14, 3, 7
2019/7/27, 104, 32, 53, 7, 3, 7
2019/7/28, 63, 25, 66, 7, 3, 6
2019/7/29, 55, 25, 69, 8, 3, 7
2019/7/30, 54, 20, 53, 7, 3, 6
2019/7/31, 45, 14, 37, 6, 2, 1
2019/8/1, 37, 13, 23, 6, 2, 2
2019/8/2, 31, 18, 22, 7, 2, 2
2019/8/3, 42, 9, 16, 10, 1, 2
2019/8/4, 23, 15, 20, 8, 1, 2
2019/8/5, 31, 20, 32, 9, 2, 2
2019/8/6, 57, 28, 35, 8, 1, 2
2019/8/7, 80, 18, 16, 6, 2, 
2019/8/8, 48, 18, 13, 5, 2, 
2019/8/9, 32, 11, 31, 2, 1, 3
2019/8/10, 31, 9, 37, 5, 1, 3
2019/8/11, 31, 24, 72, 9, 2, 4
2019/8/12, 62, 36, 83, 18, 2, 5
2019/8/13, 92, 42, 109, 15, 2, 6
2019/8/14, 112, 46, 101, 12, 2, 8
2019/8/15, 121, 47, 106, 14, 3, 7
2019/8/16, 121, 53, 126, 12, 3, 6
2019/8/17, 136, 42, 85, 13, 2, 6
2019/8/18, 112, 25, 70, 16, 2, 5
2019/8/19, 70, 23, 61, 11, 2, 5
2019/8/20, 63, 33, 97, 15, 2, 5
2019/8/21, 79, 43, 97, 12, 2, 5
2019/8/22, 99, 36, 45, 13, 2, 5
2019/8/23, 96, 23, 31, 13, 2, 5
2019/8/24, 70, 14, 22, 7, 1, 3
2019/8/25, 38, 22, 61, 7, 2, 4
2019/8/26, 56, 31, 52, 14, 3, 6
2019/8/27, 72, 26, 47, 14, 2, 6
2019/8/28, 76, 18, 36, 12, 1, 5
2019/8/29, 62, 43, 94, 17, 3, 6
2019/8/30, 114, 44, 66, 15, 2, 6
2019/8/31, 107, 15, 43, 12, 1, 5
2019/9/1, 53, 13, 24, 18, 1, 5
2019/9/2, 43, 19, 19, 18, 1, 5
2019/9/3, 62, 39, 14, 25, 2, 6
2019/9/4, 110, 20, 15, 16, 1, 4
2019/9/5, 59, 12, 12, 8, 1, 3
2019/9/6, 32, 22, 54, 10, 1, 4
2019/9/7, 62, 46, 98, 17, 2, 6
2019/9/8, 117, 40, 74, 11, 2, 5
2019/9/9, 109, 41, 91, 17, 2, 5
2019/9/10, 113, 45, 61, 12, 2, 5
2019/9/11, 125, 32, 65, 11, 2, 5
2019/9/12, 81, 24, 55, 10, 2, 4
2019/9/13, 60, 27, 42, 12, 2, 5
2019/9/14, 52, 23, 45, 8, 2, 6
2019/9/15, 43, 33, 58, 11, 2, 5
2019/9/16, 52, 40, 56, 11, 2, 6
2019/9/17, 78, 32, 54, 10, 2, 5
2019/9/18, 53, 31, 41, 9, 2, 3
2019/9/19, 38, 30, 49, 16, 2, 4
2019/9/20, 48, 17, 38, 9, 1, 4
2019/9/21, 36, 20, 39, 7, 1, 5
2019/9/22, 32, 44, 53, 17, 3, 6
2019/9/23, 74, 49, 96, 23, 4, 8
2019/9/24, 99, 54, 87, 29, 3, 8
2019/9/25, 131, 30, 63, 16, 2, 5
2019/9/26, 72, 33, 51, 19, 2, 5
2019/9/27, 79, 39, 64, 16, 2, 5
2019/9/28, 90, 36, 53, 14, 2, 5
2019/9/29, 92, 35, 40, 15, 1, 4
2019/9/30, 88, 10, 17, 6, 1, 3
2019/4/1, 106, 50, 48, 20, 3, 5
2019/4/2, 87, 58, 38, 31, 5, 6
2019/4/3, 144, 37, 34, 16, 2, 5
2019/4/4, 106, 58, 67, 19, 5, 6
2019/4/5, 150, 55, 63, 15, 5, 6
2019/4/6, 138, 71, 75, 18, 6, 8
2019/4/7, 146, 72, 65, 17, 4, 8
2019/4/8, 154, 35, 46, 7, 3, 7
2019/4/9, 90, 30, 30, 11, 2, 5
2019/4/10, 89, 32, 37, 19, 3, 4
2019/4/11, 82, 53, 59, 22, 5, 5
2019/4/12, 141, 30, 53, 11, 4, 3
2019/4/13, 82, 47, 43, 13, 4, 6
2019/4/14, 123, 53, 50, 16, 3, 5
2019/4/15, 108, 44, 44, 12, 3, 4
2019/4/16, 69, 49, 62, 16, 2, 5
2019/4/17, 130, 54, 88, 16, 3, 6
2019/4/18, 127, 45, 39, 16, 2, 5
2019/4/19, 117, 21, 36, 11, 2, 4
2019/4/20, 62, 26, 35, 14, 2, 4
2019/4/21, 77, 18, 19, 15, , 4
2019/4/22, 62, 37, 46, 19, 2, 8
2019/4/23, 102, 77, 43, 35, 3, 11
2019/4/24, 173, 45, 36, 24, 2, 6
2019/4/25, 124, 35, 31, 16, 2, 5
2019/4/26, 80, 29, 49, 13, 2, 4
2019/4/27, 60, 36, 35, 14, 2, 5
2019/4/28, 97, 42, 15, 22, 2, 5
2019/4/29, 119, 25, 28, 14, 2, 4
2019/4/30, 78, 59, 62, 17, 3, 6
2019/5/1, 132, 65, 49, 23, 3, 5
2019/5/2, 92, 57, 54, 26, 3, 4
2019/5/3, 92, 51, 68, 23, 4, 4
2019/5/4, 93, 49, 62, 10, 3, 4
2019/5/5, 120, 34, 43, 9, 3, 3
2019/5/6, 74, 37, 47, 14, 3, 3
2019/5/7, 61, 37, 56, 12, 2, 3
2019/5/8, 60, 48, 111, 16, 3, 4
2019/5/9, 102, 45, 109, 14, 3, 4
2019/5/10, 106, 48, 111, 17, 3, 4
2019/5/11, 116, 43, 88, 14, 3, 3
2019/5/12, 96, 29, 45, 13, 3, 3
2019/5/13, 74, 26, 46, 9, 2, 3
2019/5/14, 70, 23, 29, 10, 2, 3
2019/5/15, 71, 35, 29, 11, 2, 5
2019/5/16, 107, 24, 39, 9, 2, 4
2019/5/17, 75, 42, 39, 11, 2, 6
2019/5/18, 109, 53, 66, 10, 3, 6
2019/5/19, 138, 63, 64, 12, 3, 4
2019/5/20, 92, 64, 96, 17, 5, 4
2019/5/21, 98, 70, 115, 18, 5, 5
2019/5/22, 130, 73, 126, 20, 6, 6
2019/5/23, 151, 59, 100, 16, 4, 5
2019/5/24, 118, 41, 47, 7, 2, 4
2019/5/25, 76, 24, 32, 7, 2, 5
2019/5/26, 70, 28, 48, 8, , 5
2019/5/27, 81, 29, 50, 12, 2, 3
2019/5/28, 43, 41, 48, 26, 3, 3
2019/5/29, 72, 39, 68, 20, 3, 4
2019/5/30, 74, 57, 76, 16, 2, 6
2019/5/31, 146, 35, 49, 12, 2, 4
2019/6/1, 98, 23, 64, 9, 2, 3
2019/6/2, 67, 33, 73, 11, 2, 4
2019/6/3, 90, 41, 92, 11, 2, 4
2019/6/4, 106, 45, 68, 10, 2, 5
2019/6/5, 125, 28, 39, 8, 2, 4
2019/6/6, 70, 25, 64, 8, 3, 5
2019/6/7, 71, 28, 69, 8, 2, 4
2019/6/8, 83, 27, 67, 6, 2, 4
2019/6/9, 81, 46, 51, 12, 3, 6
2019/6/10, 123, 33, 64, 11, 2, 4
2019/6/11, 88, 20, 49, 11, 2, 3
2019/6/12, 63, 22, 42, 12, 2, 4
2019/6/13, 67, 22, 58, 13, 2, 3
2019/6/14, 62, 53, 129, 20, 4, 5
2019/6/15, 134, 65, 126, 15, 3, 6
2019/6/16, 160, 35, 65, 13, 4, 3
2019/6/17, 86, 16, 30, 13, 2, 4
2019/6/18, 57, 34, 37, 18, 2, 6
2019/6/19, 96, 24, 32, 17, 2, 4
2019/6/20, 74, 19, 31, 16, 2, 5
2019/6/21, 61, 33, 42, 19, , 6
2019/6/22, 89, 32, 56, 14, 2, 5
2019/6/23, 87, 24, 56, 12, 2, 4
2019/6/24, 73, 15, 36, 12, , 4
2019/6/25, 46, 15, 26, 15, 1, 4
2019/6/26, 51, 35, 83, 12, 2, 3
2019/6/27, 101, 41, 94, 13, 2, 4
2019/6/28, 113, 39, 39, 14, 2, 7
2019/6/29, 109, 18, 44, 11, 1, 5
2019/6/30, 56, 19, 40, 14, 2, 3
2019/1/1, 88, 63, 22, 20, 5, 8
2019/1/2, 154, 55, 19, 30, 3, 7
2019/1/3, 139, 28, 14, 26, 2, 5
2019/1/4, 87, 28, 9, 25, 2, 6
2019/1/5, 84, 29, 15, 24, 2, 8
2019/1/6, 83, 33, 14, 28, 2, 6
2019/1/7, 89, 48, 24, 19, 3, 7
2019/1/8, 127, 28, 16, 24, 3, 6
2019/1/9, 84, 20, 8, 29, , 4
2019/1/10, 67, 19, 9, 32, 2, 5
2019/1/11, 64, 39, 7, 30, 3, 9
2019/1/12, 112, 57, 16, 35, 3, 10
2019/1/13, 156, 65, 26, 43, 3, 8
2019/1/14, 156, 77, 34, 34, 3, 10
2019/1/15, 179, 45, 23, 21, 3, 5
2019/1/16, 86, 73, 18, 36, 5, 9
2019/1/17, 161, 83, 35, 35, 5, 9
2019/1/18, 175, 69, 22, 32, 4, 8
2019/1/19, 162, 80, 30, 23, 5, 9
2019/1/20, 163, 46, 27, 26, 4, 6
2019/1/21, 115, 71, 32, 33, 6, 7
2019/1/22, 167, 76, 36, 42, 6, 9
2019/1/23, 171, 87, 38, 48, 7, 10
2019/1/24, 183, 46, 33, 28, 3, 5
2019/1/25, 115, 29, 27, 11, 2, 3
2019/1/26, 59, 33, 35, 21, 2, 4
2019/1/27, 45, 50, 13, 30, 3, 7
2019/1/28, 109, 66, 25, 27, 3, 6
2019/1/29, 140, 45, 25, 23, 3, 4
2019/1/30, 98, 20, 31, 9, 1, 4
2019/1/31, 57, 57, 32, 11, 2, 7
2019/2/1, 142, 58, 35, 10, 3, 7
2019/2/2, 138, 62, 20, 12, 3, 10
2019/2/3, 145, 93, 35, 10, 3, 10
2019/2/4, 155, 57, 31, 9, 3, 4
2019/2/5, 72, 51, 34, 9, 2, 7
2019/2/6, 128, 36, 29, 7, 2, 6
2019/2/7, 86, 20, 24, 8, 2, 4
2019/2/8, 48, 16, 28, 6, 2, 5
2019/2/9, 45, 24, 25, 7, 2, 6
2019/2/10, 63, 25, 26, 9, 3, 8
2019/2/11, 75, 32, 26, 13, 2, 6
2019/2/12, 92, 29, 33, 9, 2, 6
2019/2/13, 75, 32, 34, 10, 2, 6
2019/2/14, 79, 19, 24, 16, 2, 5
2019/2/15, 63, 49, 28, 11, 3, 6
2019/2/16, 119, 35, 32, 11, 3, 4
2019/2/17, 82, 20, 24, 20, 2, 3
2019/2/18, 66, 32, 15, 22, 2, 6
2019/2/19, 93, 45, 16, 23, 2, 7
2019/2/20, 124, 51, 31, 19, 2, 6
2019/2/21, 143, 51, 25, 17, 2, 7
2019/2/22, 138, 97, 27, 26, 5, 11
2019/2/23, 198, 96, 46, 34, 4, 10
2019/2/24, 196, 80, 30, 33, 4, 8
2019/2/25, 174, 48, 32, 24, 3, 5
2019/2/26, 116, 32, 25, 20, 2, 5
2019/2/27, 82, 38, 28, 20, 3, 5
2019/2/28, 96, 74, 33, 35, 3, 8
2019/3/1, 158, 55, 33, 23, 2, 7
2019/3/2, 144, 66, 35, 22, 4, 9
2019/3/3, 163, 77, 43, 19, 4, 8
2019/3/4, 174, 71, 36, 21, 2, 7
2019/3/5, 167, 60, 46, 17, 2, 7
2019/3/6, 152, 70, 49, 12, 2, 7
2019/3/7, 141, 36, 35, 18, 2, 4
2019/3/8, 69, 37, 25, 28, 2, 5
2019/3/9, 101, 59, 17, 28, 3, 7
2019/3/10, 151, 75, 54, 30, 4, 8
2019/3/11, 159, 86, 46, 27, 5, 6
2019/3/12, 148, 57, 34, 21, 3, 4
2019/3/13, 74, 31, 37, 16, 3, 4
2019/3/14, 70, 53, 44, 22, 4, 5
2019/3/15, 133, 59, 58, 21, 4, 5
2019/3/16, 114, 72, 59, 27, 6, 7
2019/3/17, 166, 33, 39, 12, 3, 3
2019/3/18, 96, 39, 50, 18, 2, 3
2019/3/19, 108, 38, 49, 14, 3, 5
2019/3/20, 95, 53, 33, 17, 3, 7
2019/3/21, 138, 35, 32, 12, 3, 4
2019/3/22, 61, 31, 40, 16, 3, 3
2019/3/23, 72, 49, 55, 16, 3, 4
2019/3/24, 118, 56, 39, 22, 3, 5
2019/3/25, 146, 58, 48, 26, 4, 5
2019/3/26, 146, 52, 34, 30, 3, 6
2019/3/27, 143, 67, 21, 34, 4, 8
2019/3/28, 161, 57, 44, 19, 3, 5
2019/3/29, 144, 76, 40, 25, 4, 7
2019/3/30, 171, 47, 37, 14, 3, 4
2019/3/31, 103, 45, 55, 18, 4, 4
2018/10/1, 69, 47, 83, 17, 4, 6
2018/10/2, 82, 38, 72, 16, 4, 6
2018/10/3, 80, 39, 67, 10, 3, 6
2018/10/4, 74, 32, 50, 6, 2, 5
2018/10/5, 60, 45, 75, 11, 4, 6
2018/10/6, 82, 52, 104, 14, 3, 6
2018/10/7, 95, 44, 50, 14, 3, 5
2018/10/8, 66, 43, 44, 17, 3, 6
2018/10/9, 80, 44, 38, 12, 3, 7
2018/10/10, 88, 35, 43, 15, 3, 6
2018/10/11, 65, 36, 42, 20, 3, 5
2018/10/12, 67, 34, 55, 24, 3, 5
2018/10/13, 70, 27, 39, 16, 3, 3
2018/10/14, 59, 27, 48, 16, 2, 4
2018/10/15, 56, 31, 50, 15, 3, 5
2018/10/16, 82, 50, 72, 31, 4, 6
2018/10/17, 120, 39, 45, 17, 3, 5
2018/10/18, 96, 36, 40, 24, 3, 4
2018/10/19, 60, 35, 35, 23, 5, 5
2018/10/20, 64, 29, 40, 20, 3, 4
2018/10/21, 59, 21, 30, 21, 2, 5
2018/10/22, 65, 57, 56, 21, 4, 8
2018/10/23, 149, 74, 82, 24, 4, 8
2018/10/24, 155, 55, 60, 17, 3, 5
2018/10/25, 88, 61, 47, 14, 4, 8
2018/10/26, 145, , , , , 
2018/10/28, 116, 72, 63, 28, 12, 7
2018/10/29, 136, 48, 69, 16, 4, 7
2018/10/30, 103, 31, 45, 14, 3, 6
2018/10/31, 67, 27, 37, 15, 3, 5
2018/11/1, 57, 28, 39, 18, 2, 4
2018/11/2, 60, 26, 40, 16, 3, 4
2018/11/3, 63, 29, 45, 17, 3, 6
2018/11/4, 81, 33, 37, 13, 3, 4
2018/11/5, 92, 27, 44, 11, 3, 4
2018/11/6, 73, 38, 21, 18, 2, 7
2018/11/7, 107, 14, 16, 13, 2, 7
2018/11/8, 50, 41, 32, 23, 3, 8
2018/11/9, 113, 45, 43, 23, 3, 6
2018/11/10, 119, 47, 30, 20, 4, 7
2018/11/11, 124, 28, 33, 15, 2, 6
2018/11/12, 74, 36, 37, 23, 3, 6
2018/11/13, 78, 47, 41, 28, 3, 7
2018/11/14, 97, 39, 9, 40, 4, 7
2018/11/15, 81, 28, 31, 15, 2, 10
2018/11/16, 74, 28, 32, 14, 2, 5
2018/11/17, 61, 17, 26, 17, 2, 5
2018/11/18, 58, 54, 30, 20, 3, 10
2018/11/19, 143, 51, 35, 29, 4, 8
2018/11/20, 126, 13, 33, 19, 2, 5
2018/11/21, 50, 41, 37, 24, 3, 6
2018/11/22, 99, 52, 34, 37, 3, 6
2018/11/23, 124, 49, 38, 28, 4, 6
2018/11/24, 115, 71, 39, 36, 4, 8
2018/11/25, 166, 67, 31, 40, 3, 8
2018/11/26, 155, 80, 33, 43, 3, 12
2018/11/27, 177, 75, 39, 41, 3, 11
2018/11/28, 172, 82, 71, 46, 4, 11
2018/11/29, 178, 78, 48, 39, 3, 8
2018/11/30, 144, 62, 47, 29, 3, 4
2018/12/1, 109, 38, 25, 22, 3, 4
2018/12/2, 98, 45, 10, 26, 2, 6
2018/12/3, 126, 37, 15, 20, 2, 8
2018/12/4, 105, , , , , 
2018/12/10, 31, 20, 22, 16, 2, 5
2018/12/11, 60, 67, 19, 23, 5, 10
2018/12/12, 163, 68, 19, 35, 7, 11
2018/12/13, 165, 58, 18, 32, 5, 8
2018/12/14, 134, 24, 15, 27, 3, 3
2018/12/15, 59, 56, 22, 27, 4, 8
2018/12/16, 138, 73, 32, 31, 6, 9
2018/12/17, 168, 78, 25, 41, 7, 10
2018/12/18, 165, 73, 8, 44, 5, 7
2018/12/19, 148, 47, 19, 32, 3, 7
2018/12/20, 96, 51, 3, 26, 2, 7
2018/12/21, 121, 37, 15, 20, 2, 6
2018/12/22, 105, 51, 35, 11, 3, 6
2018/12/23, 128, 56, 29, 17, 3, 7
2018/12/24, 102, 40, 20, 19, 3, 3
2018/12/25, 70, 15, 26, 13, 2, 4
2018/12/26, 40, 33, 28, 9, 2, 3
2018/12/27, 56, 43, 26, 10, 3, 4
2018/12/28, 83, 48, 19, 14, 4, 5
2018/12/29, 98, 37, 14, 14, 4, 5
2018/12/30, 93, , , , , 
2018/8/25, 68, 20, 30, 8, 2, 5
2018/8/26, 59, 16, 34, 5, 2, 4
2018/8/27, 36, 17, 36, 4, 2, 4
2018/8/28, 33, 18, 37, 5, 2, 4
2018/8/29, 36, 23, 47, 6, 2, 4
2018/8/30, 48, 27, 81, 7, 3, 5
2018/8/31, 59, 32, 70, 13, 2, 7
2018/9/1, 88, 43, 76, 12, 2, 6
2018/9/2, 116, 47, 77, 8, 2, 7
2018/9/3, 125, 50, 108, 14, 4, 9
2018/9/4, 115, 54, 122, 20, 4, 7
2018/9/5, 104, 63, 115, 11, 4, 8
2018/9/6, 141, 61, 44, 17, 3, 9
2018/9/7, 158, 34, 39, 19, 2, 5
2018/9/8, 79, 28, 54, 13, 3, 4
2018/9/9, 57, 32, 48, 15, 3, 4
2018/9/10, 61, 36, 39, 17, 3, 5
2018/9/11, 58, 29, 30, 13, 2, 5
2018/9/12, 60, 29, 33, 15, 2, 5
2018/9/13, 64, 34, 54, 18, 3, 5
2018/9/14, 71, 26, 55, 13, 3, 4
2018/9/15, 64, 22, 24, 7, 2, 4
2018/9/16, 54, 12, 16, 12, 2, 5
2018/9/17, 30, 28, 56, 16, 3, 5
2018/9/18, 67, 41, 80, 15, 3, 6
2018/9/19, 95, 33, 43, 19, 3, 6
2018/9/20, 85, 38, 32, 20, 3, 10
2018/9/21, 96, 34, 39, 23, 4, 9
2018/9/22, 91, 58, 84, 23, 4, 9
2018/9/23, 134, 51, 84, 11, 3, 8
2018/9/24, 99, 31, 54, 10, 3, 5
2018/9/25, 49, 28, 43, 12, 2, 5
2018/9/26, 41, 30, 47, 14, 2, 5
2018/9/27, 50, 33, 51, 18, 3, 5
2018/9/28, 53, 34, 50, 13, 3, 5
2018/9/29, 55, 59, 116, 15, 5, 9
2018/9/30, 125, 49, 58, 14, 4, 6
2020/6/15, , 24, 39, 14, 2, 4
2019/12/31, , 23, 24, 20, 1, 4
2018/12/31, , 33, 25, 11, 3, 4
2018/10/27, , 68, 27, 37, 9, 7
2018/12/9, , 13, 20, 17, 2, 3
2018/8/24, , 22, 24, 12, 1, 5